,n_reads,status
TGCAGTTTTGGTGCTCTA,7556,corrected
CGCTCAGATGGGACGCAC,6436,corrected
CCTACGTCGGTCGTTCAG,6230,corrected
CGGCTTCGTACAGTTAAC,5757,corrected
GGTAACGCGACGACCCTT,5214,corrected
CTCAGCTTCGAGCCTGCG,5177,corrected
ACACCGGGCTGCTAGCTA,5088,corrected
GAGCGCAACAATGTTAGT,5041,corrected
TTCCAGCTGTCGGAACAG,4964,corrected
CATCGTTCGGACAGACTA,4919,corrected
TATGCGTTTCTCACGAGT,4803,corrected
CAATATGTCCTGCAGGCA,4581,corrected
CGTTTCGCCGCGGAGGAG,4270,corrected
CGTGTAGATGCTCTTCTG,3699,corrected
CCGCAGCACAACCACCCC,3634,corrected
ACGAGACACAACCACTCT,3506,corrected
GACTGGCAAGGGTGATGT,2725,corrected
CGTGTCTTCGTGCCGGAG,2602,corrected
CATCACTGCATGGCACGA,1408,corrected
CGACCTTGTCCCTGATAA,1129,corrected
TCTGGGGATACCAACTGC,1005,corrected
CTGACACGTTGATACGGA,813,corrected
CGACATGCACGGTTCCCG,799,corrected
TGCCACGCGTGTCGGATC,630,corrected
GGTCGGCTACTACCCTAG,597,corrected
CGCAGGGCGTCTTCACGG,585,corrected
GTTCGAAGACTCCAGGGA,381,corrected
CACGCAGCCTCCCGCGAG,375,corrected
ACGACCTGCTTCACATCG,338,corrected
ATCCTGATGACTGGAGAA,326,corrected
TATTCATTTCTGGGGAAG,304,corrected
TAAAGCGGCATGCTTGCC,300,corrected
CGCTGTAACAGATAGGCG,259,corrected
CACTGAAGCTGTTCGGCG,227,corrected
CGGCGCACTTTCCGCTGT,220,corrected
CGACATTGCGAGACCAAA,215,not_whitelisted
GAATGCGCGCCTTTCAAG,175,corrected
GTCTGAGTATTCCTCCGT,162,corrected
CTACCATGGCTCCAATGA,137,corrected
CCTGGCGATCCGGCGTGA,128,corrected
GTTTCCTCGCGCGTATAA,128,corrected
CTTTTGCTGACTTCCGGC,119,not_whitelisted
TCCGGGTTTCCGATAGAG,114,not_whitelisted
CTATTCGCGTTTGTCGGA,104,corrected
CCTCGGGAAACTTGTGTG,103,corrected
CCGACTCCTCTCTAAGCC,101,corrected
ACGACCGACTCGGTCCGG,96,not_whitelisted
GTTTTTGAGCGTGCGTTT,90,not_whitelisted
AACGGCCTCGCGTCATAT,86,not_whitelisted
CTTATAAGGTGTACGACG,81,not_whitelisted
CAGTGACTCCATTTAGTG,80,not_whitelisted
CTCCATAGATCAAGGTGT,73,not_whitelisted
CGACACTCCCTACTTGGG,63,not_whitelisted
CCCTACAGGGGGTACTCT,60,not_whitelisted
TACGCTTCGGTGCTGTCG,59,not_whitelisted
CTCTACATGCGCATCATC,56,not_whitelisted
CCTACGTCGGTCGTTCCG,54,degenerated_to_remove
CCGTGCTAGTTCTGTTAT,53,not_whitelisted
CTGGTTGAGCCGGTTGAA,52,not_whitelisted
CTTCGAGATCTTTCTTCT,47,not_whitelisted
AACGTTTGGGGTCTGGAC,47,not_whitelisted
CTTCCTTCTACGGTTGTC,46,not_whitelisted
GATGGCTGAAACGGCACC,44,not_whitelisted
GTCACGCATCGGCTTCGG,41,not_whitelisted
CTTCAGGCTCGCGCGGTA,33,not_whitelisted
CACACCGCGCAATCCCTC,33,not_whitelisted
CCTACGTCGGTCGTTCAT,30,degenerated_to_remove
CGACCGCGTCCTTGGGAA,30,not_whitelisted
CGTGCGAAGGTGCTTTCG,28,not_whitelisted
GGTCAAACGTATTACTCG,24,not_whitelisted
CCAACTCTGACCATCCCT,23,not_whitelisted
CAATGGTAACTTGGTCAA,21,not_whitelisted
CCATTACCGTGACCGCGG,20,not_whitelisted
CGGCATGAGTCTGACTTC,19,not_whitelisted
TTTTCTCTGGAGCGCAAA,18,not_whitelisted
CCAGACTGGAGCTGAAAT,16,not_whitelisted
CGCCCTAATCTATCCTCC,15,not_whitelisted
ATCGTTCTGTTGCGGAGA,15,not_whitelisted
GGACCCCGCGCGGAACAT,15,not_whitelisted
CAATCTCTTAGCGCCTTC,14,not_whitelisted
TTGACTGTTGAGATGACC,14,not_whitelisted
ATCCGGCATGGGTTTTTT,13,not_whitelisted
TACAGTCAGTCGTCGAAC,12,not_whitelisted
ACTTTTAGCGGCGTATCT,11,not_whitelisted
GACTGCGCGCCTTTCAAG,11,not_whitelisted
GTCAACACCATCTCGCAA,10,not_whitelisted
TGTCACTATGGCCCATCC,10,not_whitelisted
CCATACGCTCATTGTCCG,9,not_whitelisted
CCTACGTCGGTCGTTAAG,9,degenerated_to_remove
CCTACGTCCGATAGCAGG,9,not_whitelisted
ACTGGTTCAAAGGCATTG,9,not_whitelisted
CAGCGGCGATCTAATCAC,8,not_whitelisted
CCTACGTCGGTCGTTCAC,8,degenerated_to_remove
TTCCAGCTGTCGGACCAG,8,degenerated_to_remove
CGAATTTAGGGCGTGGAT,7,not_whitelisted
CTAAAGTACTGCGCGCGA,7,not_whitelisted
TGCAGTGTTGGTGCTCTA,7,degenerated_to_remove
CCATTCCGCAACCGTGAA,7,not_whitelisted
CGATGCACGACGCCAATC,7,not_whitelisted
GAGCGAAACAATGTTAGT,6,degenerated_to_remove
GAGCGCAACAAGGTTAGT,6,degenerated_to_remove
CCTACGTCGGTCGTGCAG,6,degenerated_to_remove
TGTCAGTCCTGCTTGGCC,6,not_whitelisted
TGCAGGTTTGGTGCTCTA,5,degenerated_to_remove
CCGCAGCACAACCACCAC,5,degenerated_to_remove
CACTATGTCCTGCAGGCA,5,degenerated_to_remove
ACACCGGGCTGCAAGCTA,5,degenerated_to_remove
TGTTGTCGAGCCTCGACA,5,not_whitelisted
CCTACGTCGGTCGTTGAG,4,degenerated_to_remove
CCTACGTCGGTCGTTAAC,4,degenerated_to_remove
CGTGTAGATTCTCTTCTG,4,degenerated_to_remove
CGGCGTCGTACAGTTAAC,4,degenerated_to_remove
CAATATGTCCAGCAGGCA,4,degenerated_to_remove
CTATGCCGAGTCTTGTGA,4,not_whitelisted
CGTGTCTTCGGGCCGGAG,4,degenerated_to_remove
CGATCGTGTTCTGAACAC,4,not_whitelisted
GGTAACGCGACGACCCTA,4,degenerated_to_remove
AGTCAGTTCATTAGCATA,4,not_whitelisted
TTCAAGCTGTCGGAACAG,4,degenerated_to_remove
CGTGTCGCCGCGGAGGAG,4,degenerated_to_remove
TGCAGATTTGGTGCTCTA,4,degenerated_to_remove
TATGAGTTTCTCACGAGT,4,degenerated_to_remove
CAATCCTACAGATCATTT,4,not_whitelisted
CGTGTCGTCGTGCCGGAG,4,degenerated_to_remove
TATGCGTTTCTCACGAGA,4,degenerated_to_remove
CGTTTCGCCGCGGAGGAT,4,degenerated_to_remove
CCTACGTCGGTCGTTAAT,4,degenerated_to_remove
CGCTCAGATGTGACGCAC,4,degenerated_to_remove
TGCAGTTATGGTGCTCTA,3,degenerated_to_remove
ACACCTGGCTGCTAGCTA,3,degenerated_to_remove
ACGATACACAACCACTCT,3,degenerated_to_remove
CGTGTATATGCTCTTCTG,3,degenerated_to_remove
CTCAGCTTCGGGCCTGCG,3,degenerated_to_remove
CATCGTTCGGACATACTA,3,degenerated_to_remove
GAGCGCAACAATGTTAGA,3,degenerated_to_remove
CGGATTCGTACAGTTAAC,3,degenerated_to_remove
CCTACGTCGGTAGTTCAG,3,degenerated_to_remove
CGCTAAGATGGGACGCAC,3,degenerated_to_remove
CAATATGTCCTGAAGGCA,3,degenerated_to_remove
CTCAGCTTCGAGCCAGCG,3,degenerated_to_remove
CGCTCAGAAGGGACGCAC,3,degenerated_to_remove
AATCGTTCGGACAGACTA,3,degenerated_to_remove
GAGCGCAACAATGGTAGT,3,degenerated_to_remove
TGCAGTATTGGTGCTCTA,3,degenerated_to_remove
ACACCGGGATGCTAGCTA,3,degenerated_to_remove
CGATCAGATGGGACGCAC,3,degenerated_to_remove
CCGAGGAGAAAGTAAGGG,3,not_whitelisted
TGAAGTTTTGGTGCTCTA,3,degenerated_to_remove
ACACCGGACTGCTAGCTA,3,degenerated_to_remove
CGTTTCGCCGCGGCGGAG,3,degenerated_to_remove
CCGCAGCACAACAACCCC,3,degenerated_to_remove
TGCAGTTTTGGTGCTATA,3,degenerated_to_remove
TTCCAGCTGACGGAACAG,3,degenerated_to_remove
TATTCATTTCTGGGGACG,3,degenerated_to_remove
GGTAACGCGACGACCCAT,3,degenerated_to_remove
GGTAACGCGACGACCATT,3,degenerated_to_remove
ACACCGTGCTGCTAGCTA,3,degenerated_to_remove
CGCTCATATGGGACGCAC,3,degenerated_to_remove
ACACCGGGCAGCTAGCTA,3,degenerated_to_remove
GAGCGCAACACTGTTAGT,3,degenerated_to_remove
CAATATGACCTGCAGGCA,3,degenerated_to_remove
TTCCAGCTGTCGGAACAT,3,degenerated_to_remove
TGCAGTTTAGGTGCTCTA,3,degenerated_to_remove
CGCTCACATGGGACGCAC,3,degenerated_to_remove
CTGGGTCGCACAGGGTAA,3,not_whitelisted
CGCACAGATGGGACGCAC,3,degenerated_to_remove
CGCAGTTTTGGTGCTCTA,3,degenerated_to_remove
CTCAGCATCGAGCCTGCG,3,degenerated_to_remove
CGTGTCTTCGAGCCTGCG,2,degenerated_to_remove
TGCAGTTTTGGTGATCTA,2,degenerated_to_remove
GATCACTGCATGGCACGA,2,degenerated_to_remove
TATGGGTTTCTCACGAGT,2,degenerated_to_remove
CTCAGCTTAGAGCCTGCG,2,degenerated_to_remove
CGTGTCTTCGTGCAGGAG,2,degenerated_to_remove
ACCTAGCCTCCATGTTCC,2,not_whitelisted
CTCAGCGTCGAGCCTGCG,2,degenerated_to_remove
CACAGCTTCGAGCCTGCG,2,degenerated_to_remove
TTCCAGCTGTCGGCACAG,2,degenerated_to_remove
CCTACGTCGGACGTTCAG,2,degenerated_to_remove
CGTGTAGATGCACTTCTG,2,degenerated_to_remove
TCCCAGCTGTCGGAACAG,2,degenerated_to_remove
CTCTTGATACCCCTCTCA,2,not_whitelisted
AGCAGTTTTGGTGCTCTA,2,degenerated_to_remove
CAATATGTCCTGCAGTCA,2,degenerated_to_remove
CAATAAGTCCTGCAGGCA,2,degenerated_to_remove
CTCAGCTTCGATCCTGCG,2,degenerated_to_remove
CTCCAGCTGTCGGAACAG,2,degenerated_to_remove
CGGCTTCGTACAGATAAC,2,degenerated_to_remove
CATACGTCGGTCGTTCAG,2,degenerated_to_remove
CGACCTAGTCCCTGATAA,2,degenerated_to_remove
CGGCTTCGAACAGTTAAC,2,degenerated_to_remove
CGGCCTCGTACAGTTAAC,2,degenerated_to_remove
CATTATGTCCTGCAGGCA,2,degenerated_to_remove
CGCTCAGATGGCACGCAC,2,degenerated_to_remove
TATGCGTTTATCACGAGT,2,degenerated_to_remove
GAATGGCAAGGGTGATGT,2,degenerated_to_remove
CATCGTTCGGACAGACCA,2,degenerated_to_remove
CGCTCAGATGGGGCGCAC,2,degenerated_to_remove
CGTTTCGCCGCGGAGGAN,2,degenerated_to_remove
ACGAGACACAACCACTCA,2,degenerated_to_remove
ACAACGGGCTGCTAGCTA,2,degenerated_to_remove
TGCAGTTTTTGTGCTCTA,2,degenerated_to_remove
GGTAACGCGAAGACCCTT,2,degenerated_to_remove
CTCTCAGATGGGACGCAC,2,degenerated_to_remove
TTACAGCTGTCGGAACAG,2,degenerated_to_remove
CGTGACTTCGTGCCGGAG,2,degenerated_to_remove
TTCCAGCTGTCGGAACCG,2,degenerated_to_remove
GAGCTCAACAATGTTAGT,2,degenerated_to_remove
GAGCGCAACAATGATAGT,2,degenerated_to_remove
GGTAACTCGACGACCCTT,2,degenerated_to_remove
CTCAGCTTCGAGCCTGCA,2,degenerated_to_remove
GAGCGCAACAAAGTTAGT,2,degenerated_to_remove
CACGCGGCCTCCCGCGAG,2,degenerated_to_remove
CAATATGTACTGCAGGCA,2,degenerated_to_remove
CGTGTAGATGCTATTCTG,2,degenerated_to_remove
TGCAGTTTTGGTGCGCTA,2,degenerated_to_remove
CGCTCAGATGGGACGAAC,2,degenerated_to_remove
CGTTTCGCCGCGGAGGGG,2,degenerated_to_remove
CCTACGTAGGTCGTTCAG,2,degenerated_to_remove
CATCGTTCTGACAGACTA,2,degenerated_to_remove
CCTACGTCGGTCGTTCAA,2,degenerated_to_remove
GGTAACGCGACGAACCTT,2,degenerated_to_remove
AGGCTTCGTACAGTTAAC,2,degenerated_to_remove
CATCTGACATACTATGGC,2,not_whitelisted
CGCTCAGATGGTACGCAC,2,degenerated_to_remove
GGTAACGCGACGACCCCT,2,degenerated_to_remove
GGCAACGCGACGACCCTT,2,degenerated_to_remove
CTACCATGGTTCCAATGA,2,not_whitelisted
AGCTCAGATGGGACGCAC,2,degenerated_to_remove
GAGCGCAACAATGTAAGT,2,degenerated_to_remove
CGCACAGATGGGACGCAA,2,degenerated_to_remove
CGCTCAGATTGGACGCAC,2,degenerated_to_remove
CCTACGTCGGTCGCTCAG,2,degenerated_to_remove
CGCTCAGATGGGAAGCAC,2,degenerated_to_remove
CGGCTTCGTACCGTTAAC,2,degenerated_to_remove
CCTACGGCGGTCGTTCAG,2,degenerated_to_remove
TGCAGTTTTGTTGCTCTA,2,degenerated_to_remove
GGGCGCAACAATGTTAGT,2,degenerated_to_remove
CGCTCAGATGGGACTCAC,2,degenerated_to_remove
CTCAGCTTCGAGCCGGCG,2,degenerated_to_remove
ATCCTGATTACTGGAGAA,2,degenerated_to_remove
TTCCAGCTGTCGGAAAAG,2,degenerated_to_remove
TAAGCGTTTCTCACGAGT,2,degenerated_to_remove
CGGTTCGCCGCGGAGGAG,2,degenerated_to_remove
TATGCGGTTCTCACGAGT,2,degenerated_to_remove
ACGAGACACAACCAATCT,2,degenerated_to_remove
TCCGTCCCCTTACGGTTC,2,not_whitelisted
CATAGTTCGGACAGTCTA,2,degenerated_to_remove
ACTAGACACAACCACTCT,2,degenerated_to_remove
ACACCGGGCTCCTAGCTA,2,degenerated_to_remove
CATCGTTCGGACAGACAA,2,degenerated_to_remove
CTCAGCTACGAGACTGCG,2,degenerated_to_remove
CCGCAGCACAACCACCCA,2,degenerated_to_remove
GAGCACAACAATGTTAGT,2,degenerated_to_remove
TATGCGATTCTCACGAGT,2,degenerated_to_remove
CCTACGTCGGTCGTTGAT,2,degenerated_to_remove
TATGCGTTCCTCACGAGT,2,degenerated_to_remove
CGGCTTCGTACAGTTAAA,2,degenerated_to_remove
TGCGGTTTTGGTGCTCTA,1,degenerated_to_remove
CGGCTTCGTACAGTTAGC,1,degenerated_to_remove
CCTACGTCGGTCGTTTAG,1,degenerated_to_remove
GACAGGCAAGGTTTATGT,1,degenerated_to_remove
CAAGATGTCCTGCAGGCA,1,degenerated_to_remove
CATCGTTCAGACAGACTA,1,degenerated_to_remove
CTCAGCTACGAGCCTGCG,1,degenerated_to_remove
ACGAGACACAACCACACT,1,degenerated_to_remove
CCAGACTGGAGCTGAAAA,1,not_whitelisted
GAGCGCACCAATGTTAGT,1,degenerated_to_remove
CTAGATGAACAGCAGGCA,1,not_whitelisted
CTCATCTTCGAGCCTGAG,1,degenerated_to_remove
CGGCATCGTACAGTTAAC,1,degenerated_to_remove
GAGCGCAACAAAGTTATT,1,degenerated_to_remove
CATCCTTCTACGGTTGTC,1,not_whitelisted
CCTACGTCTGTCGTTAAG,1,degenerated_to_remove
CCTACTTCGGTCGTTCAG,1,degenerated_to_remove
ACAACGGGCAGCTAGATA,1,degenerated_to_remove
CTCATCTTCGAGCCTGCG,1,degenerated_to_remove
GAGCGAAAGAATGAAAGT,1,degenerated_not_to_remove
CGGCTTCGTCCAGTTAAC,1,degenerated_to_remove
CGTCGTCGGAAAGTAAAC,1,not_whitelisted
TGCAGTTTTGGTCCTCTA,1,degenerated_to_remove
CCGCAGCACAAACAACCA,1,degenerated_to_remove
CGTGTAGGTGCTCGTCGG,1,degenerated_to_remove
CAATGTGTCCTGCAGGCA,1,degenerated_to_remove
CATCTTTCGGACAGACTA,1,degenerated_to_remove
CGCTCAGATGGGACCCAC,1,degenerated_to_remove
CGGCTTCGTACAGTTCAC,1,degenerated_to_remove
CAAAATGTCATCCAGGCA,1,degenerated_to_remove
ACTGGGGATACCAACTGC,1,degenerated_to_remove
ACACCGGGCTGCTAGATA,1,degenerated_to_remove
CGGGTAGATGCTCGTCTC,1,degenerated_to_remove
TATGCGTTTCTCACTAGT,1,degenerated_to_remove
CGCTCAGATGTTACGCAC,1,degenerated_to_remove
TGCTGTTTTGGTGCTCTA,1,degenerated_to_remove
TAATGGACATAGTACCAG,1,not_whitelisted
CGTTTCGCAGAGGAGGAG,1,degenerated_to_remove
CCGCGGCACAACCACCCC,1,degenerated_to_remove
CGTGTCTTCGCGCCGGAG,1,degenerated_to_remove
GTGAAAACTTCAGCCTGG,1,not_whitelisted
TATTCAATTCTGGCGAAG,1,degenerated_to_remove
TGCAGATTTGGAGCACTA,1,degenerated_to_remove
CATCACAGCATGTCACTA,1,degenerated_to_remove
TAAAGCGGCATTCTTTCC,1,degenerated_to_remove
GACTGGCACGGGTGATGT,1,degenerated_to_remove
GACTGGCAAGGGTGATGA,1,degenerated_to_remove
CACGCAGCCACCCCCGAG,1,degenerated_to_remove
CGTGTAGGTGCTCTTCTG,1,degenerated_to_remove
CGTACGTCGGACGGGCAT,1,degenerated_not_to_remove
ACAACGGGATGATAGAAA,1,degenerated_not_to_remove
CCTACTTCGGTAGTTAAG,1,degenerated_to_remove
CCTACTTCGGTCGTTAAG,1,degenerated_to_remove
CAATATATCCTGCAGGCA,1,degenerated_to_remove
CCGGAGCACAACCACCCC,1,degenerated_to_remove
CGCTCGGATGGGACGCAC,1,degenerated_to_remove
GATCCGTTACTCACTAGT,1,degenerated_not_to_remove
GAGAGCAACAATGTTAGT,1,degenerated_to_remove
CGTGTAGATGCTCTTTTG,1,degenerated_to_remove
CCGACTCATCTCTAAGCC,1,degenerated_to_remove
CGTGTCTGCGGGGAGCCT,1,not_whitelisted
CGTTTCGCCGCTTAGGAG,1,degenerated_to_remove
GAAACAGTCTATGGACCA,1,not_whitelisted
CTTATAAGGTGTACGCCG,1,not_whitelisted
GTTTTTGAGCGCGCGTTT,1,not_whitelisted
GTTTCCGCGCGCGTATAA,1,degenerated_to_remove
CTCAGCTTCGAGCCTGAG,1,degenerated_to_remove
CATCACTGCATGGAACGA,1,degenerated_to_remove
ACAAATGTCCTGCAGGCA,1,degenerated_to_remove
ACACCGGTCTGCTATCTA,1,degenerated_to_remove
CATTTCGCCGCGGAGGAG,1,degenerated_to_remove
CCTACGTCGGTCGTGCAT,1,degenerated_to_remove
CGGCTTCGTACAGGTAAC,1,degenerated_to_remove
CTCCGCTTCGAGCCTGCG,1,degenerated_to_remove
CGACCTTGTCCATGATAA,1,degenerated_to_remove
GAGCGCAACAATGCTAGT,1,degenerated_to_remove
CGACCTTGTCCCTGAGAA,1,degenerated_to_remove
TTCCAGCTGTCGGGACAG,1,degenerated_to_remove
CGTGTAGATGCTCGTCTG,1,degenerated_to_remove
GACTGGCAAGGGTGACGT,1,degenerated_to_remove
TATGCGTATCTCACTACT,1,degenerated_to_remove
CGACATTGTGCCTGATAA,1,degenerated_to_remove
ATCCTGATGACTGTAGAA,1,degenerated_to_remove
GAGAGAAACAATGTTAGT,1,degenerated_to_remove
CATCGCTGCATGGCACGA,1,degenerated_to_remove
GCACCGGGCTGCTAGCTA,1,degenerated_to_remove
CTCAGCGGCGAGCCTGCG,1,degenerated_to_remove
CCTACGTCGGTCTTTCAT,1,degenerated_to_remove
CGACTCTGCGCCGGTCAG,1,not_whitelisted
CGGCTTCTTACAGTTAAA,1,degenerated_to_remove
CGCAGGAGAGAGGCTAAG,1,not_whitelisted
GAGCGCAACGATGTTAGT,1,degenerated_to_remove
CCGCATCACAACCACCCA,1,degenerated_to_remove
CGGTCAGTTGGCACGCGC,1,degenerated_not_to_remove
CCGCAGCGCAACCACCCC,1,degenerated_to_remove
CACTCAGATGGGACGCAC,1,degenerated_to_remove
AGTGTAGATGCTCTTCTG,1,degenerated_to_remove
GACTGGCAAGGGTGAGGT,1,degenerated_to_remove
TATGGGGATACCAACTGC,1,degenerated_to_remove
CATGCGTTTCTCACGAGT,1,degenerated_to_remove
CTGCAGCACAACCACCCC,1,degenerated_to_remove
ACGACCTGCTTCAAATCG,1,degenerated_to_remove
CACCGGGCTGCTAGCTAA,1,not_whitelisted
ACACCGGGAAGCTAGCTA,1,degenerated_to_remove
CATAAAAGCATGGCACGA,1,degenerated_to_remove
ACACCGGGCAGCAAGCTA,1,degenerated_to_remove
CGCTCAGATGGGCCGCAC,1,degenerated_to_remove
TGCTGTTTTTGTGCTCTA,1,degenerated_to_remove
CCGTCACTCCTGCCGCAG,1,not_whitelisted
ACGAGACACAACAACTCT,1,degenerated_to_remove
CGTTTCGACGCGGAGGAG,1,degenerated_to_remove
GAGCGCACCAAGGTTAGT,1,degenerated_to_remove
TTCAGCTGTCGGAACAGA,1,not_whitelisted
GCAAACGCCACGACCCAT,1,degenerated_not_to_remove
CGCTGTAAAAGATAGGCG,1,degenerated_to_remove
CCTACGTCGGTCGTTACG,1,degenerated_to_remove
CGTGTCGGCGCGGCGGGG,1,degenerated_not_to_remove
CGCTCAGAAGTGACTCAC,1,degenerated_to_remove
CTATTAGCGTTTGTCGGA,1,degenerated_to_remove
TATGTGTTTCTCACGAGT,1,degenerated_to_remove
CAATATGTCATGCAGGCA,1,degenerated_to_remove
TATGCGTTTCACACGAGT,1,degenerated_to_remove
CGGCTACGTACAGTTAAC,1,degenerated_to_remove
CGTGTAGATGCTCTTATG,1,degenerated_to_remove
CCTACGTTGGTCGTTCAG,1,degenerated_to_remove
ACGAGACACAACCACGCT,1,degenerated_to_remove
CGTGGTCGTACAGTTAGG,1,not_whitelisted
TGTTGTCGAGCCACGACA,1,not_whitelisted
CGGAATCGGACCATGAAC,1,not_whitelisted
GGTCGAAGACTCCAGGGA,1,degenerated_to_remove
GACTGGCAAGGGAGATGT,1,degenerated_to_remove
CGGCATCTTACAGTTAAC,1,degenerated_to_remove
GGCCGGCTACTACCCTAG,1,degenerated_to_remove
CGTGTCTTCGAGCCGGAG,1,degenerated_to_remove
CACTGAAGCTGTACGGCG,1,degenerated_to_remove
GAGCGCAACGATGTTAGA,1,degenerated_to_remove
TGCAGGTTTCGTGCTCAA,1,degenerated_to_remove
CCTTCGTCGGTCGTTCAG,1,degenerated_to_remove
GATCGCAACAATGTGAGT,1,degenerated_to_remove
ACACCGGGCTGCTATCTA,1,degenerated_to_remove
CCTACGTCGGTCGGTCAG,1,degenerated_to_remove
AACGCAGCCTCCCGCGAG,1,degenerated_to_remove
CGGCATCGTACAGTTAAA,1,degenerated_to_remove
TGCCGGGTTGGTGCACAA,1,not_whitelisted
GACAGGCAAGGGTGATGT,1,degenerated_to_remove
GCGAGACACAACCACTCT,1,degenerated_to_remove
ACACAACTCCAGATTAAA,1,not_whitelisted
CGACATGCACGGATCCCG,1,degenerated_to_remove
CCTACCTCTGTAGTTAAG,1,degenerated_not_to_remove
TGCAGTTTTGGTGCCCTA,1,degenerated_to_remove
CTGAAACGTTGATACGGC,1,degenerated_to_remove
CATCGTACGGACATACTA,1,degenerated_to_remove
GGCCGGCAACTACCCTAG,1,degenerated_to_remove
CAGTATGTCCTGCAGGCA,1,degenerated_to_remove
CGTTGCGCCGCGGAGGAG,1,degenerated_to_remove
TTCCAGCTTTCGGAACAG,1,degenerated_to_remove
AAATATGTCCTGCAGGCA,1,degenerated_to_remove
CAAGATGTCCAGCAGGCC,1,degenerated_to_remove
TGCAGTTTTGGTGCACTA,1,degenerated_to_remove
CATAGTTCGGACAGACTA,1,degenerated_to_remove
CGTGTAGATGGTCTTCTG,1,degenerated_to_remove
CTCAGCTTCGAGACTGCG,1,degenerated_to_remove
CGGCTTCGTACAGTTGAC,1,degenerated_to_remove
CCGCAGCACAACCCCCCC,1,degenerated_to_remove
ACGAGACACAACAAGTGA,1,degenerated_not_to_remove
CTCAGCTTCGAGACTGAG,1,degenerated_to_remove
CGACGTTGTCCCTGATAA,1,degenerated_to_remove
CACTATGACCTGCAGGCA,1,degenerated_to_remove
CGGCTGCGTACAGTTAAC,1,degenerated_to_remove
CGTGGAGATGCTCTTCTT,1,degenerated_to_remove
GAGCGAAACAAAGGTAGT,1,degenerated_to_remove
GGTAACGCGACGACCCGT,1,degenerated_to_remove
TGCTGTTTAGTTCCTGTA,1,not_whitelisted
CTTCGAGAGCTTTCTTCT,1,not_whitelisted
CCTACGTCGGTCGTTCGG,1,degenerated_to_remove
CTCAGCTTCGAGCCCGCG,1,degenerated_to_remove
TATGCGTTTCTAACGAGT,1,degenerated_to_remove
TGCAGTTTTGGTGCTCAA,1,degenerated_to_remove
CGTGTCTTCGTGCCTGAG,1,degenerated_to_remove
CGTGTAGATGCTCTTCTT,1,degenerated_to_remove
GAGCGCAACAATATTAGT,1,degenerated_to_remove
CAATATGTCCTGCAGGGA,1,degenerated_to_remove
CGTGTATATGCTCTTCAC,1,degenerated_to_remove
CGTCGTCGTACCGTTAAC,1,degenerated_to_remove
TTCCAGCTGGCGGAACCG,1,degenerated_to_remove
GGCTGGCAAGGGTGATGT,1,degenerated_to_remove
GAGCGCAACAATGTAAGA,1,degenerated_to_remove
CGGCTTCGTACAATTAAC,1,degenerated_to_remove
CGACCATGTCCCGGATAA,1,degenerated_to_remove
GAGCGCAACAAGGGTAGT,1,degenerated_to_remove
CACAGGGCGTCTTCACGG,1,degenerated_to_remove
AATCCATCTAACACAATC,1,not_whitelisted
GAGCGCGACAATGTTAGT,1,degenerated_to_remove
CGGCTTTGTACAGTTAAC,1,degenerated_to_remove
CGGCTTCGTCCAGTTAAG,1,degenerated_to_remove
AATGCGTTTCTCACGATT,1,degenerated_to_remove
CGACCGTGTCCCTGATAA,1,degenerated_to_remove
CAATAAGACCAGCAGGAA,1,degenerated_not_to_remove
CTTCGAGAACTTTCTTCT,1,not_whitelisted
CTCAGGGCGTCTTCACGG,1,degenerated_to_remove
GAGCGCAACAATGTCAGT,1,degenerated_to_remove
ACGAAACACAACCACTCT,1,degenerated_to_remove
ACGAGACACAACCACACA,1,degenerated_to_remove
GGTAACGCGACGACACTT,1,degenerated_to_remove
ATCAGCTTAGAGCCTGCG,1,degenerated_to_remove
AACGGGTCGGCCGCCGTC,1,not_whitelisted
GGGAACGCGACGTCCCTT,1,degenerated_to_remove
TATGCGTTTCTAAAGAGT,1,degenerated_to_remove
TGCAGTTTTGGTGCTCTC,1,degenerated_to_remove
CGGCTTCGTACAGTTTAC,1,degenerated_to_remove
CGTTTCGCCGCGGATGAG,1,degenerated_to_remove
GGTAACGCGACGGCCCTT,1,degenerated_to_remove
TGTAACGCTACTACACTA,1,not_whitelisted
CTCAGCTTAGAGCCTGAG,1,degenerated_to_remove
GAGCGCAACACTGTGAGT,1,degenerated_to_remove
CGCCCTAATCTCTCCTCC,1,not_whitelisted
CTAATCTTCGAGCCTGCG,1,degenerated_to_remove
AGCATTATTACTGCTCAC,1,not_whitelisted
ACACCGGGCTGCTAGCTG,1,degenerated_to_remove
GAGCGCAACAATGTTAGN,1,degenerated_to_remove
TCAGTGTTAGTGTTATCC,1,not_whitelisted
CCTACGTCGGTCGGTCGC,1,degenerated_to_remove
CAGCGCAAGAAAGTTATT,1,degenerated_not_to_remove
CAAAATGTCCTGCATGCA,1,degenerated_to_remove
TGAAACGCGACGACCCTT,1,degenerated_to_remove
GAGCGCAACAAGGATAGA,1,degenerated_to_remove
CGTGTAGTTGCTCTTCTG,1,degenerated_to_remove
TGCAGTTTGGTGCTCTAA,1,not_whitelisted
GTCTGAGTATTCCCCCGT,1,degenerated_to_remove
TGCCGTTTTGGTGCTCTA,1,degenerated_to_remove
CGACACTCCCTAATAGGT,1,not_whitelisted
CGGCTACGTACAGTAAAC,1,degenerated_to_remove
TATGCGTTTCCCACGAGT,1,degenerated_to_remove
ACAAGACACAACCACTCT,1,degenerated_to_remove
TGCAGTTTTGGTGCTCTG,1,degenerated_to_remove
CGACCTTGCCCCTGATAA,1,degenerated_to_remove
GACTGGCAGGGGTGATGT,1,degenerated_to_remove
GAGCGCAACAAGGTTAGA,1,degenerated_to_remove
TATGCGCTTCTCACGAGT,1,degenerated_to_remove
CGACATGCACGGTACCCG,1,degenerated_to_remove
CGGCTTCGTAAAGTTAAA,1,degenerated_to_remove
GTTTCCTCGCGCGAATAA,1,degenerated_to_remove
TGCAGTGATGGTGCTCTA,1,degenerated_to_remove
AAGAGACACAACCAATCT,1,degenerated_to_remove
ACAACGGCCTGCTAGCTA,1,degenerated_to_remove
TGCAGATTAGGTGATCTA,1,degenerated_to_remove
GAGCGCAACAATGTTCGT,1,degenerated_to_remove
CGTTTTGCCGCGGAGGAG,1,degenerated_to_remove
ACTGTCGCGTAGGAGGAG,1,not_whitelisted
ATCAGCTTGGAGGCCGCG,1,degenerated_not_to_remove
CAACGTGCGTACGGACTA,1,degenerated_not_to_remove
AGTATAGCCGCTGAGGAG,1,degenerated_not_to_remove
TTCCAGCAGTCGGAACAG,1,degenerated_to_remove
CGTGTTCGTACACTTCAG,1,not_whitelisted
CCTACGACGGTCGTTCAT,1,degenerated_to_remove
CCTACGTCGGGCGTTCAG,1,degenerated_to_remove
TCTGGGGATACCAACCGC,1,degenerated_to_remove
TGCTGTGAAGGTTCTATA,1,not_whitelisted
CGACGTCGTCCCGGTAAC,1,degenerated_not_to_remove
CACTGTGTCCTGCAGGCA,1,degenerated_to_remove
GGTCGGCTACTACCCCAG,1,degenerated_to_remove
CCTACGTCGGTCGTACAG,1,degenerated_to_remove
CGTGTACAGGGTCTTCAG,1,degenerated_not_to_remove
CGTTTATGCGTGCCGGAG,1,degenerated_to_remove
GTGAAAACTTCAGCCTAG,1,not_whitelisted
CGGGTAGGGGCGGATGAC,1,not_whitelisted
TCTGGGGATAAAAACTGC,1,degenerated_to_remove
TCTGGGGATACCAACTGA,1,degenerated_to_remove
CTCCATAGATCATGGTGT,1,not_whitelisted
CCGCAGCACAACCACACC,1,degenerated_to_remove
CGTGTCGCCGCGGAGGCG,1,degenerated_to_remove
TGCAGTTTTGGTGCTCTN,1,degenerated_to_remove
GGTCGGCTACTACCCGAG,1,degenerated_to_remove
TGCAGTTAAGGTGCTCTA,1,degenerated_to_remove
CGTTTCGCCGCGGAGGGA,1,degenerated_to_remove
CTGACACGTTGATCCGGA,1,degenerated_to_remove
ACCACAAGCTTCACATCG,1,degenerated_to_remove
TAAGAACGTTGAAGTGGT,1,not_whitelisted
GAGCCCAACGCTGAGAGT,1,degenerated_not_to_remove
TGCAGTTTTGCTGCTCTA,1,degenerated_to_remove
ACAACGGGCTGCTAGATA,1,degenerated_to_remove
CCTACGTCGGTGGTTCCG,1,degenerated_to_remove
CGCGTAGATGCTCTTCTG,1,degenerated_to_remove
CGTCTTCGTACAGTTAAC,1,degenerated_to_remove
CCATTACCGGGACCGCGG,1,not_whitelisted
CGGCAACTTACAGTTAAC,1,degenerated_to_remove
CCTACGTCGGTCGTTCCT,1,degenerated_to_remove
CTGACACGTTGGTACGGA,1,degenerated_to_remove
ACACCGGGCTGCTAGCCA,1,degenerated_to_remove
AGCAGTTATGTAGGTCTA,1,not_whitelisted
CCTACGTCGGTCGTTCTG,1,degenerated_to_remove
GAGAGCAACAATGATAGT,1,degenerated_to_remove
TGCGGATTTGGTGCTCTA,1,degenerated_to_remove
CGTGTATATGCTCTTCTT,1,degenerated_to_remove
GACTGGCAATGGTGATGT,1,degenerated_to_remove
TGCAGTTTTGGTGCTCCA,1,degenerated_to_remove
CGTGTAGATGCTGTTCTC,1,degenerated_to_remove
TCCGGGGATACCAACTGC,1,degenerated_to_remove
GACATGCAAGGGGGAGGT,1,degenerated_not_to_remove
TAGCAGTCTGAAGCACAG,1,not_whitelisted
CAACATGTCCTGCAGGCA,1,degenerated_to_remove
ATACCGGGCTGCTAGCTA,1,degenerated_to_remove
CGACATGCACGGTTCCAG,1,degenerated_to_remove
CAAAATGTCCTGCAGGCA,1,degenerated_to_remove
CGGCTTCGAACATTAAAC,1,degenerated_to_remove
CGGTTTCGTACAGTTAAC,1,degenerated_to_remove
CGCTTAGATGGGACGCAC,1,degenerated_to_remove
ACACCGGGCTGCTAGCAA,1,degenerated_to_remove
CGCAGGGCTTGTGCACGG,1,degenerated_to_remove
AGCCACGCGTGTCGGATC,1,degenerated_to_remove
GGTCACGCGACGACACTT,1,degenerated_to_remove
GAATGCGCGCCATTCAAG,1,degenerated_to_remove
CTGACACGTTGATAAGGA,1,degenerated_to_remove
CGACCTTGTCCCGGAGCA,1,degenerated_to_remove
CGACGGAGAGGCGGAGAA,1,not_whitelisted
TGAAGTATTGGTGCTCTA,1,degenerated_to_remove
CATCGTTAGGACAGACTA,1,degenerated_to_remove
CACTGTAACAGATAGGCG,1,degenerated_to_remove
CGATCAGATCGGACGCAC,1,degenerated_to_remove
ACTAGGTGTGTCGTTCTT,1,not_whitelisted
CGTTTCTTCGTGCCGGAG,1,degenerated_to_remove
CCTCGGGAAACATGTGTG,1,degenerated_to_remove
CTCTAAGTTGGGACGCAC,1,degenerated_to_remove
CCTAAGTCCGTCGGGCAG,1,degenerated_not_to_remove
CGTGTAGATACTCTTCTG,1,degenerated_to_remove
CATCGTTCGGACAGGCTA,1,degenerated_to_remove
TGCAGTTTAGGATCTCTA,1,degenerated_to_remove
TGCAGTTTTTCTGCTCTA,1,degenerated_to_remove
CCAACTCAGACCATCCCT,1,not_whitelisted
TGGAGTTTTGGTGCTCTA,1,degenerated_to_remove
ACGACAGACTCGGTCCGG,1,not_whitelisted
TAATGGCAAGGGTGATTT,1,degenerated_to_remove
TAGCGCAAAAATGTTAGT,1,degenerated_to_remove
CCGCAGCACAAACAACCC,1,degenerated_to_remove
CAACGTTCGGACAGACTA,1,degenerated_to_remove
GGTAACGCAACGACCCTT,1,degenerated_to_remove
AGTGTGTTTGGTGCTGTA,1,not_whitelisted
CAAAAGTCGGGCGTTGAT,1,not_whitelisted
CGTTTTCGCCGCGGAGGA,1,not_whitelisted
CCGCAGCAAAACCACCCC,1,degenerated_to_remove
CGTGTAGATGCTCTTCCG,1,degenerated_to_remove
CCAGACAGGAGCTGAAAT,1,not_whitelisted
CGTTTCGTCGCGGAGGAG,1,degenerated_to_remove
CAATATGTACTGCAGGAA,1,degenerated_to_remove
CCGCATCAAAACCAACAC,1,degenerated_not_to_remove
GACATGCAAGGGTGATCT,1,degenerated_to_remove
CTCTACGAGGTCCTCTTC,1,not_whitelisted
ACGAGACACAACCACTAT,1,degenerated_to_remove
TTCCAGCTGTCGGAGCAG,1,degenerated_to_remove
TATGCGGTTCTCACTAGT,1,degenerated_to_remove
TGCAGTAAAGGTGCTCTA,1,degenerated_to_remove
TTCCAGCTGTTGGAACAG,1,degenerated_to_remove
ACCAGACACAACCACTCT,1,degenerated_to_remove
TCTGCTATTCAATCTAGT,1,not_whitelisted
CGTGTCTCATACTATGCG,1,not_whitelisted
CGTGTCTTCGTTCCGGAG,1,degenerated_to_remove
ACACCGCGCTGCTAGCAA,1,degenerated_to_remove
CATCGTTCGGACAGACTG,1,degenerated_to_remove
TGCAGTTTTCGTGCTCTA,1,degenerated_to_remove
CGTGTAGATGCTCCTCTG,1,degenerated_to_remove
CGTATTCCTACGGAAATA,1,not_whitelisted
GAGCGCACCAATGGTAGT,1,degenerated_to_remove
CGTTTCGCCGCGGAGTAT,1,degenerated_to_remove
GAGCGCAACCATGTTAGT,1,degenerated_to_remove
TTCCAGCTGTAGGAACAG,1,degenerated_to_remove
ACTCGGGAAACTTGTGTG,1,degenerated_to_remove
ACACTGGGCTGCTAGCTA,1,degenerated_to_remove
CTGCTGGAACCAGGCAAA,1,not_whitelisted
TAGCGCAACCATGTTAGT,1,degenerated_to_remove
GGTACCGCGACGACCCTT,1,degenerated_to_remove
TTCGAGCTGTCGGAACAG,1,degenerated_to_remove
CAGCGCTACGAGCGTACT,1,not_whitelisted
CCTACCTCGGTGGGTCCA,1,degenerated_not_to_remove
TTACAGCAGTCGGAACAG,1,degenerated_to_remove
ATCCATCTGAAGCAGCAC,1,not_whitelisted
CATCACATCATCCACCCA,1,not_whitelisted
CCTACGTCGGTCGTTCCC,1,degenerated_to_remove
ACTACAGAGTCGGGACGG,1,not_whitelisted
TTCAAGCTTTCGTAAAAT,1,not_whitelisted
CAATATTTCCTGCAGGCA,1,degenerated_to_remove
TGCAGTTTCGGTGCTCTA,1,degenerated_to_remove
CAATAAGACCATCAGGCA,1,degenerated_not_to_remove
GAATGCGCGACTATCAAG,1,degenerated_to_remove
CGTGTACGTCCGGTTCGG,1,not_whitelisted
CATCGTTCGGAAAGACTA,1,degenerated_to_remove
CGTTTCGCCGCTGAGGAG,1,degenerated_to_remove
CCTACGACGGTCGTTCAG,1,degenerated_to_remove
CGCAGGGCGTCTCCACGG,1,degenerated_to_remove
CGGCTTCGTACAGTGAAC,1,degenerated_to_remove
CTACCATGGATCCAAAGA,1,degenerated_to_remove
CGTGTAGATGCTCTTCAG,1,degenerated_to_remove
CAATATTACCTGCAGGCA,1,degenerated_to_remove
TATTAATTTCTGGGGACG,1,degenerated_to_remove
CTGACACGTTGATACTGA,1,degenerated_to_remove
GGTAAAGCGACGACCCTT,1,degenerated_to_remove
CAATATGTCCTGCAGGAA,1,degenerated_to_remove
CCGCAGCACAACCACCTC,1,degenerated_to_remove
TTCCAGCTGTCGGTACAT,1,degenerated_to_remove
GAGCGCAACACTGTTAGA,1,degenerated_to_remove
TGCAGTTTTGGTTCACTA,1,degenerated_to_remove
CTAAATGTCGGGGTGGCG,1,not_whitelisted
CCTACGTCGGTCGGTGAG,1,degenerated_to_remove
CGCTTCGCCGCGGAGGAG,1,degenerated_to_remove
CGTGTAGATGATCTTCTG,1,degenerated_to_remove
TGCAGTAATGGTGCTCTA,1,degenerated_to_remove
CCTACGTCGGTCGATCAC,1,degenerated_to_remove
ACACCGGTCTGCTAGCTA,1,degenerated_to_remove
CGATTCGCCGCGGAGGAG,1,degenerated_to_remove
CAATATGTCCTGCAGGCC,1,degenerated_to_remove
TGTTTCGCCGCGGAGGAG,1,degenerated_to_remove
TGCATTTTTGGTGCTCTA,1,degenerated_to_remove
CATGGCGATCCGGCGTGA,1,degenerated_to_remove
CTTCGAGGTCTTTCTTCT,1,not_whitelisted
ACGACCGACTAGGTCCGG,1,not_whitelisted
CCTCCGTCGGTCGTTCAG,1,degenerated_to_remove
TGCAGTTTTGGAGCTCTA,1,degenerated_to_remove
AGTTTCGCCGCGGAGGAG,1,degenerated_to_remove
CAGCAGCACAACCACCCC,1,degenerated_to_remove
ACGACGCGCTGCTACATA,1,degenerated_not_to_remove
GGTATCGCGACGACCCTT,1,degenerated_to_remove
TATTCGTTTCTCACGAGT,1,degenerated_to_remove
CGTGTAGATGCTCTTGTG,1,degenerated_to_remove
ACGAGACGCAACCACTCT,1,degenerated_to_remove
AACGCACCCACCCCCGCT,1,not_whitelisted
TAAAGCCGCAAGCTTGCC,1,degenerated_to_remove
AGACCGGGCTGCTAGCTA,1,degenerated_to_remove
ACACAGGCCTCCTAGCTA,1,degenerated_to_remove
CCTACGTCGGTCGTTCAN,1,degenerated_to_remove
CGGCGCACTTTACGCTGT,1,degenerated_to_remove
TAAACGCACGGCTGTTGA,1,not_whitelisted
ACAAAGCGAAGCTATCGA,1,not_whitelisted
CGCTCAGATGGGATGCAC,1,degenerated_to_remove
ACCCCGGGATGATAGCTA,1,degenerated_to_remove
CGCTCAGATGGGACGCAT,1,degenerated_to_remove
CGTGTCTTCGTTCCGGAT,1,degenerated_to_remove
CCTAAGTCGGTCGTTCAG,1,degenerated_to_remove
CGACCTTGTACCTGATAA,1,degenerated_to_remove
CCTACGGAGGTCGTCCCC,1,degenerated_not_to_remove
CATCGTTCGGACCGACTA,1,degenerated_to_remove
CCTACGTCGGGCGTTCCC,1,degenerated_to_remove
CTCAGCTTAGCGCCTGCG,1,degenerated_to_remove
GTCCAGCTGTCGGAACAG,1,degenerated_to_remove
TCGCAGCACAACCACCCC,1,degenerated_to_remove
GAGCGCAACAATGATATT,1,degenerated_to_remove
CTAAAGGTCTGAGTCGGG,1,not_whitelisted
ACGAGACACAACCATTCT,1,degenerated_to_remove
CTCAGCTTCAAGCCTGCG,1,degenerated_to_remove
GAGCGCAGCAATGTTAGT,1,degenerated_to_remove
CATAACTGCATTGCACGA,1,degenerated_to_remove
CAATATCTCCTGCAGGCA,1,degenerated_to_remove
ACGAGGCACAACCACTCT,1,degenerated_to_remove
CCTACGTCGGGCGGTCAC,1,degenerated_to_remove
CTTGTAAGGTGTACGACG,1,not_whitelisted
CATGTCTTCGTGCCGGAG,1,degenerated_to_remove
TTCCAGCTGTCGTAACAG,1,degenerated_to_remove
CCGAAGCACAACCACCCC,1,degenerated_to_remove
ACTACGTCGGTCGTTCAT,1,degenerated_to_remove
GAAAGCGGCATGCTAGCC,1,degenerated_to_remove
CCTACGTAGGTCTTTAAG,1,degenerated_to_remove
GATGCGTTTCTCACGAGT,1,degenerated_to_remove
CCTACGACTGTCGTTCAG,1,degenerated_to_remove
CTGACACGCTGATACGGA,1,degenerated_to_remove
ACGCCGGGCTGCTAGCTA,1,degenerated_to_remove
TATGCGTTACTCACGAGT,1,degenerated_to_remove
CCTACTTCGGGCTTTCAT,1,degenerated_not_to_remove
CGTCGTTCGGACAGACTA,1,degenerated_to_remove
GAGCGCAACAATTTTAGT,1,degenerated_to_remove
CGGCTTAGTACAGTTAAC,1,degenerated_to_remove
ACGACCTGCTACACATCG,1,degenerated_to_remove
TACGCGTTTCTCACGAGT,1,degenerated_to_remove
CATCGTTCGGACAGACTC,1,degenerated_to_remove
TTACAGCTGTCGGAAAAG,1,degenerated_to_remove
CCCTTTGCGATCAGATGG,1,not_whitelisted
TCTGCGTTTCTCACGAGT,1,degenerated_to_remove
GAGTGGCAAGGGTGATGT,1,degenerated_to_remove
CGGCTTCGAACAGTTAAA,1,degenerated_to_remove
CGTTTCGCCGCGGAGGCG,1,degenerated_to_remove
CGCTGTAACAGATAGGCT,1,degenerated_to_remove
CGCAGGGCGTCTTCTCGG,1,degenerated_to_remove
CGCTGTAACAGATAGTCG,1,degenerated_to_remove
CGGCTTCGTACATTTAAC,1,degenerated_to_remove
TATTCATTTCTGGGGAAT,1,degenerated_to_remove
AGCAGTTATGGAGATCAA,1,not_whitelisted
TGCAGTTTTGGTACTCTA,1,degenerated_to_remove
GAAAGCTCGATCATAGAA,1,not_whitelisted
CGTACGTCGGACTGGCAT,1,degenerated_not_to_remove
CGGCTACGTAAAGATAAC,1,degenerated_to_remove
TACCAGCTGTCGGAACAG,1,degenerated_to_remove
CGTTTCGCCGAGGAGGAG,1,degenerated_to_remove
CATCGATCGGACAGACTA,1,degenerated_to_remove
CGGGTCTTCGTGCCGGAG,1,degenerated_to_remove
CGTTTAGCCGCGGAGGAG,1,degenerated_to_remove
CTAAGCTTCGAGCCTGCG,1,degenerated_to_remove
CTGACCCGTTGTTACGGA,1,degenerated_to_remove
TGCAGTATTTCAGCTCTA,1,degenerated_not_to_remove
CGGCGCACTTTCCGCCGT,1,degenerated_to_remove
TATGCGTTTCTTACGAGT,1,degenerated_to_remove
CATCACTGCATGGCACTA,1,degenerated_to_remove
ACACCTGGAAGCTAGCTA,1,degenerated_to_remove
CACTGAACCTGTTCGGCG,1,degenerated_to_remove
AATGCGTTTCTCACGAGT,1,degenerated_to_remove
TACAGTTTTGGTGCTCTA,1,degenerated_to_remove
CCTGATAAAGTGCACGAG,1,not_whitelisted
AATGCGTTTCTCACGATA,1,degenerated_to_remove
CCAACGTCGGTCGTTCAC,1,degenerated_to_remove
TGCCACGCGAGTCGGATC,1,degenerated_to_remove
ACACCTGGCTGATAGCTA,1,degenerated_to_remove
CCATATGTCCTGCAGGCA,1,degenerated_to_remove
TGGCTTCGTACAGTTAAC,1,degenerated_to_remove
CGCTCAGATGGGACACAC,1,degenerated_to_remove
CAGCGCAACAATGTTAGT,1,degenerated_to_remove
CATCGGTCGGACAGACTA,1,degenerated_to_remove
CCTACGTCGGTCGTTCGT,1,degenerated_to_remove
CCGCAGCACAACCAACCC,1,degenerated_to_remove
AAACCGGGCTGCTAGCTA,1,degenerated_to_remove
ACAACGACGCGCTGTGCC,1,not_whitelisted
GACTGTCAAGTGTGATGT,1,degenerated_to_remove
