,correct,degenerated,hamming,n_reads_correct,n_reads_degenerated
0,TGCAGTTTTGGTGCTCTA,TGCAGTGTTGGTGCTCTA,1.0,7556,7
1,TGCAGTTTTGGTGCTCTA,TGCAGGTTTGGTGCTCTA,1.0,7556,5
2,TGCAGTTTTGGTGCTCTA,TGCAGATTTGGTGCTCTA,1.0,7556,4
3,TGCAGTTTTGGTGCTCTA,TGCAGTTATGGTGCTCTA,1.0,7556,3
4,TGCAGTTTTGGTGCTCTA,TGCAGTTTAGGTGCTCTA,1.0,7556,3
5,TGCAGTTTTGGTGCTCTA,TGAAGTTTTGGTGCTCTA,1.0,7556,3
6,TGCAGTTTTGGTGCTCTA,TGCAGTTTTGGTGCTATA,1.0,7556,3
7,TGCAGTTTTGGTGCTCTA,CGCAGTTTTGGTGCTCTA,1.0,7556,3
8,TGCAGTTTTGGTGCTCTA,TGCAGTATTGGTGCTCTA,1.0,7556,3
9,TGCAGTTTTGGTGCTCTA,TGCAGTTTTGGTGATCTA,1.0,7556,2
10,TGCAGTTTTGGTGCTCTA,TGCAGTTTTGGTGCGCTA,1.0,7556,2
11,TGCAGTTTTGGTGCTCTA,TGCAGTTTTGTTGCTCTA,1.0,7556,2
12,TGCAGTTTTGGTGCTCTA,TGCAGTTTTTGTGCTCTA,1.0,7556,2
13,TGCAGTTTTGGTGCTCTA,AGCAGTTTTGGTGCTCTA,1.0,7556,2
14,TGCAGTTTTGGTGCTCTA,TGCAGTTTTGGTGCTCTC,1.0,7556,1
15,TGCAGTTTTGGTGCTCTA,TGCTGTTTTTGTGCTCTA,2.0,7556,1
16,TGCAGTTTTGGTGCTCTA,TGCAGTTTTGGTACTCTA,1.0,7556,1
17,TGCAGTTTTGGTGCTCTA,TGGAGTTTTGGTGCTCTA,1.0,7556,1
18,TGCAGTTTTGGTGCTCTA,TGCAGTTTTGGTGCTCTN,1.0,7556,1
19,TGCAGTTTTGGTGCTCTA,TGCAGATTAGGTGATCTA,3.0,7556,1
20,TGCAGTTTTGGTGCTCTA,TGCAGTTTTGGTGCTCTG,1.0,7556,1
21,TGCAGTTTTGGTGCTCTA,TGCAGTGATGGTGCTCTA,2.0,7556,1
22,TGCAGTTTTGGTGCTCTA,TGCAGTTTAGGATCTCTA,3.0,7556,1
23,TGCAGTTTTGGTGCTCTA,TGCAGTTTTGGTTCACTA,2.0,7556,1
24,TGCAGTTTTGGTGCTCTA,TGCGGTTTTGGTGCTCTA,1.0,7556,1
25,TGCAGTTTTGGTGCTCTA,TGCAGTTTTGGTGCACTA,1.0,7556,1
26,TGCAGTTTTGGTGCTCTA,TGCCGTTTTGGTGCTCTA,1.0,7556,1
27,TGCAGTTTTGGTGCTCTA,TGAAGTATTGGTGCTCTA,2.0,7556,1
28,TGCAGTTTTGGTGCTCTA,TGCAGATTTGGAGCACTA,3.0,7556,1
29,TGCAGTTTTGGTGCTCTA,TGCAGTTTTTCTGCTCTA,2.0,7556,1
30,TGCAGTTTTGGTGCTCTA,TACAGTTTTGGTGCTCTA,1.0,7556,1
31,TGCAGTTTTGGTGCTCTA,TGCAGTTTTCGTGCTCTA,1.0,7556,1
32,TGCAGTTTTGGTGCTCTA,TGCAGTAATGGTGCTCTA,2.0,7556,1
33,TGCAGTTTTGGTGCTCTA,TGCAGTTTTGGTCCTCTA,1.0,7556,1
34,TGCAGTTTTGGTGCTCTA,TGCAGTTTTGGAGCTCTA,1.0,7556,1
35,TGCAGTTTTGGTGCTCTA,TGCAGTTTTGGTGCCCTA,1.0,7556,1
36,TGCAGTTTTGGTGCTCTA,TGCAGGTTTCGTGCTCAA,3.0,7556,1
37,TGCAGTTTTGGTGCTCTA,TGCAGTTTTGGTGCTCAA,1.0,7556,1
38,TGCAGTTTTGGTGCTCTA,TGCTGTTTTGGTGCTCTA,1.0,7556,1
39,TGCAGTTTTGGTGCTCTA,TGCAGTTTCGGTGCTCTA,1.0,7556,1
40,TGCAGTTTTGGTGCTCTA,TGCAGTTTTGCTGCTCTA,1.0,7556,1
41,TGCAGTTTTGGTGCTCTA,TGCATTTTTGGTGCTCTA,1.0,7556,1
42,TGCAGTTTTGGTGCTCTA,TGCGGATTTGGTGCTCTA,2.0,7556,1
43,TGCAGTTTTGGTGCTCTA,TGCAGTATTTCAGCTCTA,4.0,7556,1
44,TGCAGTTTTGGTGCTCTA,TGCAGTAAAGGTGCTCTA,3.0,7556,1
45,TGCAGTTTTGGTGCTCTA,TGCAGTTTTGGTGCTCCA,1.0,7556,1
46,TGCAGTTTTGGTGCTCTA,TGCAGTTAAGGTGCTCTA,2.0,7556,1
0,CGCTCAGATGGGACGCAC,CGCTCAGATGTGACGCAC,1.0,6436,4
1,CGCTCAGATGGGACGCAC,CGCTAAGATGGGACGCAC,1.0,6436,3
2,CGCTCAGATGGGACGCAC,CGCACAGATGGGACGCAC,1.0,6436,3
3,CGCTCAGATGGGACGCAC,CGCTCACATGGGACGCAC,1.0,6436,3
4,CGCTCAGATGGGACGCAC,CGATCAGATGGGACGCAC,1.0,6436,3
5,CGCTCAGATGGGACGCAC,CGCTCATATGGGACGCAC,1.0,6436,3
6,CGCTCAGATGGGACGCAC,CGCTCAGAAGGGACGCAC,1.0,6436,3
7,CGCTCAGATGGGACGCAC,CGCTCAGATGGGGCGCAC,1.0,6436,2
8,CGCTCAGATGGGACGCAC,CGCACAGATGGGACGCAA,2.0,6436,2
9,CGCTCAGATGGGACGCAC,CGCTCAGATGGGACTCAC,1.0,6436,2
10,CGCTCAGATGGGACGCAC,CGCTCAGATTGGACGCAC,1.0,6436,2
11,CGCTCAGATGGGACGCAC,CGCTCAGATGGGAAGCAC,1.0,6436,2
12,CGCTCAGATGGGACGCAC,CTCTCAGATGGGACGCAC,1.0,6436,2
13,CGCTCAGATGGGACGCAC,AGCTCAGATGGGACGCAC,1.0,6436,2
14,CGCTCAGATGGGACGCAC,CGCTCAGATGGGACGAAC,1.0,6436,2
15,CGCTCAGATGGGACGCAC,CGCTCAGATGGTACGCAC,1.0,6436,2
16,CGCTCAGATGGGACGCAC,CGCTCAGATGGCACGCAC,1.0,6436,2
17,CGCTCAGATGGGACGCAC,CGATCAGATCGGACGCAC,2.0,6436,1
18,CGCTCAGATGGGACGCAC,CGCTCAGATGGGACACAC,1.0,6436,1
19,CGCTCAGATGGGACGCAC,CGCTCAGAAGTGACTCAC,3.0,6436,1
20,CGCTCAGATGGGACGCAC,CACTCAGATGGGACGCAC,1.0,6436,1
21,CGCTCAGATGGGACGCAC,CTCTAAGTTGGGACGCAC,3.0,6436,1
22,CGCTCAGATGGGACGCAC,CGCTCGGATGGGACGCAC,1.0,6436,1
23,CGCTCAGATGGGACGCAC,CGCTCAGATGGGACGCAT,1.0,6436,1
24,CGCTCAGATGGGACGCAC,CGCTCAGATGGGATGCAC,1.0,6436,1
25,CGCTCAGATGGGACGCAC,CGGTCAGTTGGCACGCGC,4.0,6436,1
26,CGCTCAGATGGGACGCAC,CGCTCAGATGTTACGCAC,2.0,6436,1
27,CGCTCAGATGGGACGCAC,CGCTCAGATGGGCCGCAC,1.0,6436,1
28,CGCTCAGATGGGACGCAC,CGCTCAGATGGGACCCAC,1.0,6436,1
29,CGCTCAGATGGGACGCAC,CGCTTAGATGGGACGCAC,1.0,6436,1
0,CCTACGTCGGTCGTTCAG,CCTACGTCGGTCGTTCCG,1.0,6230,54
1,CCTACGTCGGTCGTTCAG,CCTACGTCGGTCGTTCAT,1.0,6230,30
2,CCTACGTCGGTCGTTCAG,CCTACGTCGGTCGTTAAG,1.0,6230,9
3,CCTACGTCGGTCGTTCAG,CCTACGTCGGTCGTTCAC,1.0,6230,8
4,CCTACGTCGGTCGTTCAG,CCTACGTCGGTCGTGCAG,1.0,6230,6
5,CCTACGTCGGTCGTTCAG,CCTACGTCGGTCGTTAAT,2.0,6230,4
6,CCTACGTCGGTCGTTCAG,CCTACGTCGGTCGTTAAC,2.0,6230,4
7,CCTACGTCGGTCGTTCAG,CCTACGTCGGTCGTTGAG,1.0,6230,4
8,CCTACGTCGGTCGTTCAG,CCTACGTCGGTAGTTCAG,1.0,6230,3
9,CCTACGTCGGTCGTTCAG,CCTACGGCGGTCGTTCAG,1.0,6230,2
10,CCTACGTCGGTCGTTCAG,CCTACGTCGGTCGTTCAA,1.0,6230,2
11,CCTACGTCGGTCGTTCAG,CCTACGTCGGTCGCTCAG,1.0,6230,2
12,CCTACGTCGGTCGTTCAG,CATACGTCGGTCGTTCAG,1.0,6230,2
13,CCTACGTCGGTCGTTCAG,CCTACGTCGGTCGTTGAT,2.0,6230,2
14,CCTACGTCGGTCGTTCAG,CCTACGTCGGACGTTCAG,1.0,6230,2
15,CCTACGTCGGTCGTTCAG,CCTACGTAGGTCGTTCAG,1.0,6230,2
16,CCTACGTCGGTCGTTCAG,CCTACGTCGGGCGTTCCC,3.0,6230,1
17,CCTACGTCGGTCGTTCAG,CCTTCGTCGGTCGTTCAG,1.0,6230,1
18,CCTACGTCGGTCGTTCAG,CCTACGTCGGTCGTTCGG,1.0,6230,1
19,CCTACGTCGGTCGTTCAG,CCTACGTCGGTCGTTCTG,1.0,6230,1
20,CCTACGTCGGTCGTTCAG,CCTACGTCGGTCGTTCAN,1.0,6230,1
21,CCTACGTCGGTCGTTCAG,CCTACCTCGGTGGGTCCA,5.0,6230,1
22,CCTACGTCGGTCGTTCAG,CCTACGTAGGTCTTTAAG,3.0,6230,1
23,CCTACGTCGGTCGTTCAG,CCTACGTCGGTCGTTCCT,2.0,6230,1
24,CCTACGTCGGTCGTTCAG,CCTAAGTCCGTCGGGCAG,4.0,6230,1
25,CCTACGTCGGTCGTTCAG,CCTACTTCGGTAGTTAAG,3.0,6230,1
26,CCTACGTCGGTCGTTCAG,CCTACGTCTGTCGTTAAG,2.0,6230,1
27,CCTACGTCGGTCGTTCAG,CCTACGACGGTCGTTCAT,2.0,6230,1
28,CCTACGTCGGTCGTTCAG,CCTCCGTCGGTCGTTCAG,1.0,6230,1
29,CCTACGTCGGTCGTTCAG,CCTACGACGGTCGTTCAG,1.0,6230,1
30,CCTACGTCGGTCGTTCAG,CCTACGTCGGTCGGTCAG,1.0,6230,1
31,CCTACGTCGGTCGTTCAG,CCTACGTCGGTCGTTACG,2.0,6230,1
32,CCTACGTCGGTCGTTCAG,CCTACGTCGGTCGTTTAG,1.0,6230,1
33,CCTACGTCGGTCGTTCAG,CCTACGTCGGTCGGTGAG,2.0,6230,1
34,CCTACGTCGGTCGTTCAG,CCTACGTCGGTCTTTCAT,2.0,6230,1
35,CCTACGTCGGTCGTTCAG,CCAACGTCGGTCGTTCAC,2.0,6230,1
36,CCTACGTCGGTCGTTCAG,CCTACCTCTGTAGTTAAG,4.0,6230,1
37,CCTACGTCGGTCGTTCAG,CCTACGTCGGTCGTGCAT,2.0,6230,1
38,CCTACGTCGGTCGTTCAG,CCTACGTCGGTCGTACAG,1.0,6230,1
39,CCTACGTCGGTCGTTCAG,CCTACGTCGGGCGTTCAG,1.0,6230,1
40,CCTACGTCGGTCGTTCAG,CCTACTTCGGTCGTTAAG,2.0,6230,1
41,CCTACGTCGGTCGTTCAG,CCTACGTCGGTGGTTCCG,2.0,6230,1
42,CCTACGTCGGTCGTTCAG,CCTACGTCGGTCGGTCGC,3.0,6230,1
43,CCTACGTCGGTCGTTCAG,CCTACGACTGTCGTTCAG,2.0,6230,1
44,CCTACGTCGGTCGTTCAG,CCTACGTCGGTCGTTCCC,2.0,6230,1
45,CCTACGTCGGTCGTTCAG,CCTACTTCGGGCTTTCAT,4.0,6230,1
46,CCTACGTCGGTCGTTCAG,CCTACGTCGGGCGGTCAC,3.0,6230,1
47,CCTACGTCGGTCGTTCAG,CCTACTTCGGTCGTTCAG,1.0,6230,1
48,CCTACGTCGGTCGTTCAG,CGTACGTCGGACGGGCAT,5.0,6230,1
49,CCTACGTCGGTCGTTCAG,CCTACGTTGGTCGTTCAG,1.0,6230,1
50,CCTACGTCGGTCGTTCAG,CCTACGTCGGTCGTTCGT,2.0,6230,1
51,CCTACGTCGGTCGTTCAG,ACTACGTCGGTCGTTCAT,2.0,6230,1
52,CCTACGTCGGTCGTTCAG,CCTACGTCGGTCGATCAC,2.0,6230,1
53,CCTACGTCGGTCGTTCAG,CGTACGTCGGACTGGCAT,6.0,6230,1
54,CCTACGTCGGTCGTTCAG,CCTACGGAGGTCGTCCCC,5.0,6230,1
55,CCTACGTCGGTCGTTCAG,CCTAAGTCGGTCGTTCAG,1.0,6230,1
0,CGGCTTCGTACAGTTAAC,CGGCGTCGTACAGTTAAC,1.0,5757,4
1,CGGCTTCGTACAGTTAAC,CGGATTCGTACAGTTAAC,1.0,5757,3
2,CGGCTTCGTACAGTTAAC,CGGCTTCGTACCGTTAAC,1.0,5757,2
3,CGGCTTCGTACAGTTAAC,AGGCTTCGTACAGTTAAC,1.0,5757,2
4,CGGCTTCGTACAGTTAAC,CGGCTTCGAACAGTTAAC,1.0,5757,2
5,CGGCTTCGTACAGTTAAC,CGGCTTCGTACAGTTAAA,1.0,5757,2
6,CGGCTTCGTACAGTTAAC,CGGCCTCGTACAGTTAAC,1.0,5757,2
7,CGGCTTCGTACAGTTAAC,CGGCTTCGTACAGATAAC,1.0,5757,2
8,CGGCTTCGTACAGTTAAC,CGGCTTCGAACATTAAAC,3.0,5757,1
9,CGGCTTCGTACAGTTAAC,CGGCATCTTACAGTTAAC,2.0,5757,1
10,CGGCTTCGTACAGTTAAC,CGGCTTTGTACAGTTAAC,1.0,5757,1
11,CGGCTTCGTACAGTTAAC,CGTCTTCGTACAGTTAAC,1.0,5757,1
12,CGGCTTCGTACAGTTAAC,CGGCATCGTACAGTTAAA,2.0,5757,1
13,CGGCTTCGTACAGTTAAC,CGGCTTCGTACAATTAAC,1.0,5757,1
14,CGGCTTCGTACAGTTAAC,CGGCTTCGAACAGTTAAA,2.0,5757,1
15,CGGCTTCGTACAGTTAAC,CGTCGTCGTACCGTTAAC,3.0,5757,1
16,CGGCTTCGTACAGTTAAC,CGGCTTCGTACAGTTAGC,1.0,5757,1
17,CGGCTTCGTACAGTTAAC,CGGCTTCGTACAGTTCAC,1.0,5757,1
18,CGGCTTCGTACAGTTAAC,CGGCTTCGTACAGTTTAC,1.0,5757,1
19,CGGCTTCGTACAGTTAAC,CGGCTTCGTCCAGTTAAC,1.0,5757,1
20,CGGCTTCGTACAGTTAAC,CGGTTTCGTACAGTTAAC,1.0,5757,1
21,CGGCTTCGTACAGTTAAC,CGGCATCGTACAGTTAAC,1.0,5757,1
22,CGGCTTCGTACAGTTAAC,CGGCTGCGTACAGTTAAC,1.0,5757,1
23,CGGCTTCGTACAGTTAAC,CGGCTTCGTAAAGTTAAA,2.0,5757,1
24,CGGCTTCGTACAGTTAAC,CGGCTTCGTACAGTTGAC,1.0,5757,1
25,CGGCTTCGTACAGTTAAC,CGGCTTCGTACAGGTAAC,1.0,5757,1
26,CGGCTTCGTACAGTTAAC,CGACGTCGTCCCGGTAAC,5.0,5757,1
27,CGGCTTCGTACAGTTAAC,CGGCTTCTTACAGTTAAA,2.0,5757,1
28,CGGCTTCGTACAGTTAAC,CGGCTTCGTCCAGTTAAG,2.0,5757,1
29,CGGCTTCGTACAGTTAAC,CGGCTACGTACAGTTAAC,1.0,5757,1
30,CGGCTTCGTACAGTTAAC,CGGCTTAGTACAGTTAAC,1.0,5757,1
31,CGGCTTCGTACAGTTAAC,CGGCTACGTACAGTAAAC,2.0,5757,1
32,CGGCTTCGTACAGTTAAC,CGGCTACGTAAAGATAAC,3.0,5757,1
33,CGGCTTCGTACAGTTAAC,CGGCTTCGTACATTTAAC,1.0,5757,1
34,CGGCTTCGTACAGTTAAC,CGGCAACTTACAGTTAAC,3.0,5757,1
35,CGGCTTCGTACAGTTAAC,CGGCTTCGTACAGTGAAC,1.0,5757,1
36,CGGCTTCGTACAGTTAAC,TGGCTTCGTACAGTTAAC,1.0,5757,1
0,GGTAACGCGACGACCCTT,GGTAACGCGACGACCCTA,1.0,5214,4
1,GGTAACGCGACGACCCTT,GGTAACGCGACGACCCAT,1.0,5214,3
2,GGTAACGCGACGACCCTT,GGTAACGCGACGACCATT,1.0,5214,3
3,GGTAACGCGACGACCCTT,GGCAACGCGACGACCCTT,1.0,5214,2
4,GGTAACGCGACGACCCTT,GGTAACTCGACGACCCTT,1.0,5214,2
5,GGTAACGCGACGACCCTT,GGTAACGCGAAGACCCTT,1.0,5214,2
6,GGTAACGCGACGACCCTT,GGTAACGCGACGAACCTT,1.0,5214,2
7,GGTAACGCGACGACCCTT,GGTAACGCGACGACCCCT,1.0,5214,2
8,GGTAACGCGACGACCCTT,GGTCACGCGACGACACTT,2.0,5214,1
9,GGTAACGCGACGACCCTT,GGTAACGCGACGACACTT,1.0,5214,1
10,GGTAACGCGACGACCCTT,GGTATCGCGACGACCCTT,1.0,5214,1
11,GGTAACGCGACGACCCTT,GGTAAAGCGACGACCCTT,1.0,5214,1
12,GGTAACGCGACGACCCTT,TGAAACGCGACGACCCTT,2.0,5214,1
13,GGTAACGCGACGACCCTT,GCAAACGCCACGACCCAT,4.0,5214,1
14,GGTAACGCGACGACCCTT,GGTAACGCGACGGCCCTT,1.0,5214,1
15,GGTAACGCGACGACCCTT,GGTAACGCGACGACCCGT,1.0,5214,1
16,GGTAACGCGACGACCCTT,GGTAACGCAACGACCCTT,1.0,5214,1
17,GGTAACGCGACGACCCTT,GGTACCGCGACGACCCTT,1.0,5214,1
18,GGTAACGCGACGACCCTT,GGGAACGCGACGTCCCTT,2.0,5214,1
0,CTCAGCTTCGAGCCTGCG,CTCAGCATCGAGCCTGCG,1.0,5177,3
1,CTCAGCTTCGAGCCTGCG,CTCAGCTTCGAGCCAGCG,1.0,5177,3
2,CTCAGCTTCGAGCCTGCG,CTCAGCTTCGGGCCTGCG,1.0,5177,3
3,CTCAGCTTCGAGCCTGCG,CTCAGCTTAGAGCCTGCG,1.0,5177,2
4,CTCAGCTTCGAGCCTGCG,CTCAGCTTCGATCCTGCG,1.0,5177,2
5,CTCAGCTTCGAGCCTGCG,CTCAGCTTCGAGCCGGCG,1.0,5177,2
6,CTCAGCTTCGAGCCTGCG,CTCAGCTTCGAGCCTGCA,1.0,5177,2
7,CTCAGCTTCGAGCCTGCG,CTCAGCGTCGAGCCTGCG,1.0,5177,2
8,CTCAGCTTCGAGCCTGCG,CTCAGCTACGAGACTGCG,2.0,5177,2
9,CTCAGCTTCGAGCCTGCG,CACAGCTTCGAGCCTGCG,1.0,5177,2
10,CTCAGCTTCGAGCCTGCG,CTCAGCTTCGAGACTGAG,2.0,5177,1
11,CTCAGCTTCGAGCCTGCG,CTAATCTTCGAGCCTGCG,2.0,5177,1
12,CTCAGCTTCGAGCCTGCG,CTCAGCGGCGAGCCTGCG,2.0,5177,1
13,CTCAGCTTCGAGCCTGCG,CTCAGCTACGAGCCTGCG,1.0,5177,1
14,CTCAGCTTCGAGCCTGCG,CTCAGCTTCGAGACTGCG,1.0,5177,1
15,CTCAGCTTCGAGCCTGCG,CTCATCTTCGAGCCTGAG,2.0,5177,1
16,CTCAGCTTCGAGCCTGCG,CTCAGCTTCGAGCCCGCG,1.0,5177,1
17,CTCAGCTTCGAGCCTGCG,CTCCGCTTCGAGCCTGCG,1.0,5177,1
18,CTCAGCTTCGAGCCTGCG,CTCAGCTTCGAGCCTGAG,1.0,5177,1
19,CTCAGCTTCGAGCCTGCG,ATCAGCTTGGAGGCCGCG,4.0,5177,1
20,CTCAGCTTCGAGCCTGCG,CTCAGCTTCAAGCCTGCG,1.0,5177,1
21,CTCAGCTTCGAGCCTGCG,CTCATCTTCGAGCCTGCG,1.0,5177,1
22,CTCAGCTTCGAGCCTGCG,CTAAGCTTCGAGCCTGCG,1.0,5177,1
23,CTCAGCTTCGAGCCTGCG,CTCAGCTTAGAGCCTGAG,2.0,5177,1
24,CTCAGCTTCGAGCCTGCG,CTCAGCTTAGCGCCTGCG,2.0,5177,1
25,CTCAGCTTCGAGCCTGCG,ATCAGCTTAGAGCCTGCG,2.0,5177,1
0,ACACCGGGCTGCTAGCTA,ACACCGGGCTGCAAGCTA,1.0,5088,5
1,ACACCGGGCTGCTAGCTA,ACACCGGGCAGCTAGCTA,1.0,5088,3
2,ACACCGGGCTGCTAGCTA,ACACCGGGATGCTAGCTA,1.0,5088,3
3,ACACCGGGCTGCTAGCTA,ACACCGTGCTGCTAGCTA,1.0,5088,3
4,ACACCGGGCTGCTAGCTA,ACACCGGACTGCTAGCTA,1.0,5088,3
5,ACACCGGGCTGCTAGCTA,ACACCTGGCTGCTAGCTA,1.0,5088,3
6,ACACCGGGCTGCTAGCTA,ACACCGGGCTCCTAGCTA,1.0,5088,2
7,ACACCGGGCTGCTAGCTA,ACAACGGGCTGCTAGCTA,1.0,5088,2
8,ACACCGGGCTGCTAGCTA,ACAACGGGATGATAGAAA,5.0,5088,1
9,ACACCGGGCTGCTAGCTA,ACACCGGGCTGCTAGATA,1.0,5088,1
10,ACACCGGGCTGCTAGCTA,AAACCGGGCTGCTAGCTA,1.0,5088,1
11,ACACCGGGCTGCTAGCTA,ACAACGGGCTGCTAGATA,2.0,5088,1
12,ACACCGGGCTGCTAGCTA,ACGACGCGCTGCTACATA,5.0,5088,1
13,ACACCGGGCTGCTAGCTA,ACACTGGGCTGCTAGCTA,1.0,5088,1
14,ACACCGGGCTGCTAGCTA,ACACCTGGCTGATAGCTA,2.0,5088,1
15,ACACCGGGCTGCTAGCTA,ACACCGGGCTGCTAGCTG,1.0,5088,1
16,ACACCGGGCTGCTAGCTA,GCACCGGGCTGCTAGCTA,1.0,5088,1
17,ACACCGGGCTGCTAGCTA,ACACCGGGCTGCTAGCCA,1.0,5088,1
18,ACACCGGGCTGCTAGCTA,AGACCGGGCTGCTAGCTA,1.0,5088,1
19,ACACCGGGCTGCTAGCTA,ACGCCGGGCTGCTAGCTA,1.0,5088,1
20,ACACCGGGCTGCTAGCTA,ACACCTGGAAGCTAGCTA,3.0,5088,1
21,ACACCGGGCTGCTAGCTA,ACACCGGGAAGCTAGCTA,2.0,5088,1
22,ACACCGGGCTGCTAGCTA,ATACCGGGCTGCTAGCTA,1.0,5088,1
23,ACACCGGGCTGCTAGCTA,ACACCGGGCTGCTATCTA,1.0,5088,1
24,ACACCGGGCTGCTAGCTA,ACAACGGCCTGCTAGCTA,2.0,5088,1
25,ACACCGGGCTGCTAGCTA,ACACCGGGCAGCAAGCTA,2.0,5088,1
26,ACACCGGGCTGCTAGCTA,ACACAGGCCTCCTAGCTA,3.0,5088,1
27,ACACCGGGCTGCTAGCTA,ACAACGGGCAGCTAGATA,3.0,5088,1
28,ACACCGGGCTGCTAGCTA,ACCCCGGGATGATAGCTA,3.0,5088,1
29,ACACCGGGCTGCTAGCTA,ACACCGGTCTGCTAGCTA,1.0,5088,1
30,ACACCGGGCTGCTAGCTA,ACACCGGTCTGCTATCTA,2.0,5088,1
31,ACACCGGGCTGCTAGCTA,ACACCGCGCTGCTAGCAA,2.0,5088,1
32,ACACCGGGCTGCTAGCTA,ACACCGGGCTGCTAGCAA,1.0,5088,1
0,GAGCGCAACAATGTTAGT,GAGCGCAACAAGGTTAGT,1.0,5041,6
1,GAGCGCAACAATGTTAGT,GAGCGAAACAATGTTAGT,1.0,5041,6
2,GAGCGCAACAATGTTAGT,GAGCGCAACACTGTTAGT,1.0,5041,3
3,GAGCGCAACAATGTTAGT,GAGCGCAACAATGTTAGA,1.0,5041,3
4,GAGCGCAACAATGTTAGT,GAGCGCAACAATGGTAGT,1.0,5041,3
5,GAGCGCAACAATGTTAGT,GAGCGCAACAATGTAAGT,1.0,5041,2
6,GAGCGCAACAATGTTAGT,GGGCGCAACAATGTTAGT,1.0,5041,2
7,GAGCGCAACAATGTTAGT,GAGCGCAACAATGATAGT,1.0,5041,2
8,GAGCGCAACAATGTTAGT,GAGCTCAACAATGTTAGT,1.0,5041,2
9,GAGCGCAACAATGTTAGT,GAGCGCAACAAAGTTAGT,1.0,5041,2
10,GAGCGCAACAATGTTAGT,GAGCACAACAATGTTAGT,1.0,5041,2
11,GAGCGCAACAATGTTAGT,GAGCGAAACAAAGGTAGT,3.0,5041,1
12,GAGCGCAACAATGTTAGT,GAGCGCAACAAGGGTAGT,2.0,5041,1
13,GAGCGCAACAATGTTAGT,GATCGCAACAATGTGAGT,2.0,5041,1
14,GAGCGCAACAATGTTAGT,TAGCGCAAAAATGTTAGT,2.0,5041,1
15,GAGCGCAACAATGTTAGT,GAGCGCAACAATTTTAGT,1.0,5041,1
16,GAGCGCAACAATGTTAGT,GAGCGCAACAATGTTCGT,1.0,5041,1
17,GAGCGCAACAATGTTAGT,GAGCGCAACAATGTTAGN,1.0,5041,1
18,GAGCGCAACAATGTTAGT,GAGCGCAACAATGCTAGT,1.0,5041,1
19,GAGCGCAACAATGTTAGT,CAGCGCAACAATGTTAGT,1.0,5041,1
20,GAGCGCAACAATGTTAGT,GAGCGCAACACTGTTAGA,2.0,5041,1
21,GAGCGCAACAATGTTAGT,GAGCCCAACGCTGAGAGT,5.0,5041,1
22,GAGCGCAACAATGTTAGT,GAGCGCACCAATGGTAGT,2.0,5041,1
23,GAGCGCAACAATGTTAGT,GAGCGCACCAATGTTAGT,1.0,5041,1
24,GAGCGCAACAATGTTAGT,GAGCGCAACAAGGTTAGA,2.0,5041,1
25,GAGCGCAACAATGTTAGT,GAGAGCAACAATGTTAGT,1.0,5041,1
26,GAGCGCAACAATGTTAGT,GAGCGCAACGATGTTAGA,2.0,5041,1
27,GAGCGCAACAATGTTAGT,GAGCGCAACAATGTAAGA,2.0,5041,1
28,GAGCGCAACAATGTTAGT,GAGCGCAGCAATGTTAGT,1.0,5041,1
29,GAGCGCAACAATGTTAGT,GAGCGCAACAATATTAGT,1.0,5041,1
30,GAGCGCAACAATGTTAGT,GAGCGCGACAATGTTAGT,1.0,5041,1
31,GAGCGCAACAATGTTAGT,GAGCGCAACACTGTGAGT,2.0,5041,1
32,GAGCGCAACAATGTTAGT,GAGCGCAACGATGTTAGT,1.0,5041,1
33,GAGCGCAACAATGTTAGT,GAGAGCAACAATGATAGT,2.0,5041,1
34,GAGCGCAACAATGTTAGT,GAGCGAAAGAATGAAAGT,4.0,5041,1
35,GAGCGCAACAATGTTAGT,GAGCGCAACCATGTTAGT,1.0,5041,1
36,GAGCGCAACAATGTTAGT,GAGCGCAACAAAGTTATT,2.0,5041,1
37,GAGCGCAACAATGTTAGT,GAGCGCAACAAGGATAGA,3.0,5041,1
38,GAGCGCAACAATGTTAGT,GAGCGCAACAATGATATT,2.0,5041,1
39,GAGCGCAACAATGTTAGT,CAGCGCAAGAAAGTTATT,4.0,5041,1
40,GAGCGCAACAATGTTAGT,GAGCGCAACAATGTCAGT,1.0,5041,1
41,GAGCGCAACAATGTTAGT,GAGAGAAACAATGTTAGT,2.0,5041,1
42,GAGCGCAACAATGTTAGT,TAGCGCAACCATGTTAGT,2.0,5041,1
43,GAGCGCAACAATGTTAGT,GAGCGCACCAAGGTTAGT,2.0,5041,1
0,TTCCAGCTGTCGGAACAG,TTCCAGCTGTCGGACCAG,1.0,4964,8
1,TTCCAGCTGTCGGAACAG,TTCAAGCTGTCGGAACAG,1.0,4964,4
2,TTCCAGCTGTCGGAACAG,TTCCAGCTGTCGGAACAT,1.0,4964,3
3,TTCCAGCTGTCGGAACAG,TTCCAGCTGACGGAACAG,1.0,4964,3
4,TTCCAGCTGTCGGAACAG,CTCCAGCTGTCGGAACAG,1.0,4964,2
5,TTCCAGCTGTCGGAACAG,TCCCAGCTGTCGGAACAG,1.0,4964,2
6,TTCCAGCTGTCGGAACAG,TTACAGCTGTCGGAACAG,1.0,4964,2
7,TTCCAGCTGTCGGAACAG,TTCCAGCTGTCGGCACAG,1.0,4964,2
8,TTCCAGCTGTCGGAACAG,TTCCAGCTGTCGGAACCG,1.0,4964,2
9,TTCCAGCTGTCGGAACAG,TTCCAGCTGTCGGAAAAG,1.0,4964,2
10,TTCCAGCTGTCGGAACAG,TTCCAGCAGTCGGAACAG,1.0,4964,1
11,TTCCAGCTGTCGGAACAG,TTCCAGCTGGCGGAACCG,2.0,4964,1
12,TTCCAGCTGTCGGAACAG,TTACAGCTGTCGGAAAAG,2.0,4964,1
13,TTCCAGCTGTCGGAACAG,TTACAGCAGTCGGAACAG,2.0,4964,1
14,TTCCAGCTGTCGGAACAG,TTCCAGCTTTCGGAACAG,1.0,4964,1
15,TTCCAGCTGTCGGAACAG,TTCCAGCTGTCGGTACAT,2.0,4964,1
16,TTCCAGCTGTCGGAACAG,TACCAGCTGTCGGAACAG,1.0,4964,1
17,TTCCAGCTGTCGGAACAG,TTCGAGCTGTCGGAACAG,1.0,4964,1
18,TTCCAGCTGTCGGAACAG,TTCCAGCTGTCGGAGCAG,1.0,4964,1
19,TTCCAGCTGTCGGAACAG,TTCCAGCTGTCGTAACAG,1.0,4964,1
20,TTCCAGCTGTCGGAACAG,TTCCAGCTGTTGGAACAG,1.0,4964,1
21,TTCCAGCTGTCGGAACAG,TTCCAGCTGTAGGAACAG,1.0,4964,1
22,TTCCAGCTGTCGGAACAG,GTCCAGCTGTCGGAACAG,1.0,4964,1
23,TTCCAGCTGTCGGAACAG,TTCCAGCTGTCGGGACAG,1.0,4964,1
0,CATCGTTCGGACAGACTA,CATCGTTCGGACATACTA,1.0,4919,3
1,CATCGTTCGGACAGACTA,AATCGTTCGGACAGACTA,1.0,4919,3
2,CATCGTTCGGACAGACTA,CATCGTTCTGACAGACTA,1.0,4919,2
3,CATCGTTCGGACAGACTA,CATCGTTCGGACAGACCA,1.0,4919,2
4,CATCGTTCGGACAGACTA,CATAGTTCGGACAGTCTA,2.0,4919,2
5,CATCGTTCGGACAGACTA,CATCGTTCGGACAGACAA,1.0,4919,2
6,CATCGTTCGGACAGACTA,CATCGTTCAGACAGACTA,1.0,4919,1
7,CATCGTTCGGACAGACTA,CAACGTTCGGACAGACTA,1.0,4919,1
8,CATCGTTCGGACAGACTA,CATCGTTAGGACAGACTA,1.0,4919,1
9,CATCGTTCGGACAGACTA,CATCGTTCGGACAGGCTA,1.0,4919,1
10,CATCGTTCGGACAGACTA,CATCGTTCGGACCGACTA,1.0,4919,1
11,CATCGTTCGGACAGACTA,CATCGTTCGGACAGACTG,1.0,4919,1
12,CATCGTTCGGACAGACTA,CATCTTTCGGACAGACTA,1.0,4919,1
13,CATCGTTCGGACAGACTA,CATCGATCGGACAGACTA,1.0,4919,1
14,CATCGTTCGGACAGACTA,CGTCGTTCGGACAGACTA,1.0,4919,1
15,CATCGTTCGGACAGACTA,CATCGTTCGGACAGACTC,1.0,4919,1
16,CATCGTTCGGACAGACTA,CATCGTTCGGAAAGACTA,1.0,4919,1
17,CATCGTTCGGACAGACTA,CATCGGTCGGACAGACTA,1.0,4919,1
18,CATCGTTCGGACAGACTA,CATAGTTCGGACAGACTA,1.0,4919,1
19,CATCGTTCGGACAGACTA,CAACGTGCGTACGGACTA,4.0,4919,1
20,CATCGTTCGGACAGACTA,CATCGTACGGACATACTA,2.0,4919,1
0,TATGCGTTTCTCACGAGT,TATGAGTTTCTCACGAGT,1.0,4803,4
1,TATGCGTTTCTCACGAGT,TATGCGTTTCTCACGAGA,1.0,4803,4
2,TATGCGTTTCTCACGAGT,TAAGCGTTTCTCACGAGT,1.0,4803,2
3,TATGCGTTTCTCACGAGT,TATGCGATTCTCACGAGT,1.0,4803,2
4,TATGCGTTTCTCACGAGT,TATGCGTTTATCACGAGT,1.0,4803,2
5,TATGCGTTTCTCACGAGT,TATGGGTTTCTCACGAGT,1.0,4803,2
6,TATGCGTTTCTCACGAGT,TATGCGTTCCTCACGAGT,1.0,4803,2
7,TATGCGTTTCTCACGAGT,TATGCGGTTCTCACGAGT,1.0,4803,2
8,TATGCGTTTCTCACGAGT,TATGCGTTTCTAAAGAGT,2.0,4803,1
9,TATGCGTTTCTCACGAGT,CATGCGTTTCTCACGAGT,1.0,4803,1
10,TATGCGTTTCTCACGAGT,TATGCGTTTCCCACGAGT,1.0,4803,1
11,TATGCGTTTCTCACGAGT,TATGCGTTACTCACGAGT,1.0,4803,1
12,TATGCGTTTCTCACGAGT,TACGCGTTTCTCACGAGT,1.0,4803,1
13,TATGCGTTTCTCACGAGT,GATCCGTTACTCACTAGT,4.0,4803,1
14,TATGCGTTTCTCACGAGT,TATGCGTTTCTAACGAGT,1.0,4803,1
15,TATGCGTTTCTCACGAGT,TATGCGTTTCACACGAGT,1.0,4803,1
16,TATGCGTTTCTCACGAGT,TATGCGTTTCTCACTAGT,1.0,4803,1
17,TATGCGTTTCTCACGAGT,TCTGCGTTTCTCACGAGT,1.0,4803,1
18,TATGCGTTTCTCACGAGT,TATGCGCTTCTCACGAGT,1.0,4803,1
19,TATGCGTTTCTCACGAGT,TATGCGTATCTCACTACT,3.0,4803,1
20,TATGCGTTTCTCACGAGT,AATGCGTTTCTCACGATT,2.0,4803,1
21,TATGCGTTTCTCACGAGT,TATGCGGTTCTCACTAGT,2.0,4803,1
22,TATGCGTTTCTCACGAGT,AATGCGTTTCTCACGAGT,1.0,4803,1
23,TATGCGTTTCTCACGAGT,AATGCGTTTCTCACGATA,3.0,4803,1
24,TATGCGTTTCTCACGAGT,TATGTGTTTCTCACGAGT,1.0,4803,1
25,TATGCGTTTCTCACGAGT,TATGCGTTTCTTACGAGT,1.0,4803,1
26,TATGCGTTTCTCACGAGT,GATGCGTTTCTCACGAGT,1.0,4803,1
27,TATGCGTTTCTCACGAGT,TATTCGTTTCTCACGAGT,1.0,4803,1
0,CAATATGTCCTGCAGGCA,CACTATGTCCTGCAGGCA,1.0,4581,5
1,CAATATGTCCTGCAGGCA,CAATATGTCCAGCAGGCA,1.0,4581,4
2,CAATATGTCCTGCAGGCA,CAATATGACCTGCAGGCA,1.0,4581,3
3,CAATATGTCCTGCAGGCA,CAATATGTCCTGAAGGCA,1.0,4581,3
4,CAATATGTCCTGCAGGCA,CATTATGTCCTGCAGGCA,1.0,4581,2
5,CAATATGTCCTGCAGGCA,CAATAAGTCCTGCAGGCA,1.0,4581,2
6,CAATATGTCCTGCAGGCA,CAATATGTACTGCAGGCA,1.0,4581,2
7,CAATATGTCCTGCAGGCA,CAATATGTCCTGCAGTCA,1.0,4581,2
8,CAATATGTCCTGCAGGCA,CAATATATCCTGCAGGCA,1.0,4581,1
9,CAATATGTCCTGCAGGCA,CAATATGTCCTGCAGGCC,1.0,4581,1
10,CAATATGTCCTGCAGGCA,CAACATGTCCTGCAGGCA,1.0,4581,1
11,CAATATGTCCTGCAGGCA,ACAAATGTCCTGCAGGCA,3.0,4581,1
12,CAATATGTCCTGCAGGCA,AAATATGTCCTGCAGGCA,1.0,4581,1
13,CAATATGTCCTGCAGGCA,CAATAAGACCATCAGGCA,4.0,4581,1
14,CAATATGTCCTGCAGGCA,CAATATCTCCTGCAGGCA,1.0,4581,1
15,CAATATGTCCTGCAGGCA,CACTATGACCTGCAGGCA,2.0,4581,1
16,CAATATGTCCTGCAGGCA,CAAAATGTCATCCAGGCA,3.0,4581,1
17,CAATATGTCCTGCAGGCA,CAATGTGTCCTGCAGGCA,1.0,4581,1
18,CAATATGTCCTGCAGGCA,CAATATTACCTGCAGGCA,2.0,4581,1
19,CAATATGTCCTGCAGGCA,CCATATGTCCTGCAGGCA,1.0,4581,1
20,CAATATGTCCTGCAGGCA,CAATATGTCCTGCAGGGA,1.0,4581,1
21,CAATATGTCCTGCAGGCA,CAAGATGTCCAGCAGGCC,3.0,4581,1
22,CAATATGTCCTGCAGGCA,CAGTATGTCCTGCAGGCA,1.0,4581,1
23,CAATATGTCCTGCAGGCA,CAATATTTCCTGCAGGCA,1.0,4581,1
24,CAATATGTCCTGCAGGCA,CAATATGTACTGCAGGAA,2.0,4581,1
25,CAATATGTCCTGCAGGCA,CAAAATGTCCTGCATGCA,2.0,4581,1
26,CAATATGTCCTGCAGGCA,CAATATGTCCTGCAGGAA,1.0,4581,1
27,CAATATGTCCTGCAGGCA,CAATAAGACCAGCAGGAA,4.0,4581,1
28,CAATATGTCCTGCAGGCA,CAAAATGTCCTGCAGGCA,1.0,4581,1
29,CAATATGTCCTGCAGGCA,CAATATGTCATGCAGGCA,1.0,4581,1
30,CAATATGTCCTGCAGGCA,CACTGTGTCCTGCAGGCA,2.0,4581,1
31,CAATATGTCCTGCAGGCA,CAAGATGTCCTGCAGGCA,1.0,4581,1
0,CGTTTCGCCGCGGAGGAG,CGTTTCGCCGCGGAGGAT,1.0,4270,4
1,CGTTTCGCCGCGGAGGAG,CGTGTCGCCGCGGAGGAG,1.0,4270,4
2,CGTTTCGCCGCGGAGGAG,CGTTTCGCCGCGGCGGAG,1.0,4270,3
3,CGTTTCGCCGCGGAGGAG,CGTTTCGCCGCGGAGGAN,1.0,4270,2
4,CGTTTCGCCGCGGAGGAG,CGGTTCGCCGCGGAGGAG,1.0,4270,2
5,CGTTTCGCCGCGGAGGAG,CGTTTCGCCGCGGAGGGG,1.0,4270,2
6,CGTTTCGCCGCGGAGGAG,CGTTTAGCCGCGGAGGAG,1.0,4270,1
7,CGTTTCGCCGCGGAGGAG,CGTGTCGCCGCGGAGGCG,2.0,4270,1
8,CGTTTCGCCGCGGAGGAG,CGTGTCGGCGCGGCGGGG,4.0,4270,1
9,CGTTTCGCCGCGGAGGAG,CGTTTCGCCGCGGAGGCG,1.0,4270,1
10,CGTTTCGCCGCGGAGGAG,CGTTTCGCCGCGGAGTAT,2.0,4270,1
11,CGTTTCGCCGCGGAGGAG,CATTTCGCCGCGGAGGAG,1.0,4270,1
12,CGTTTCGCCGCGGAGGAG,CGCTTCGCCGCGGAGGAG,1.0,4270,1
13,CGTTTCGCCGCGGAGGAG,AGTATAGCCGCTGAGGAG,4.0,4270,1
14,CGTTTCGCCGCGGAGGAG,CGTTTCGCCGCGGAGGGA,2.0,4270,1
15,CGTTTCGCCGCGGAGGAG,CGTTGCGCCGCGGAGGAG,1.0,4270,1
16,CGTTTCGCCGCGGAGGAG,TGTTTCGCCGCGGAGGAG,1.0,4270,1
17,CGTTTCGCCGCGGAGGAG,CGTTTCGCCGCGGATGAG,1.0,4270,1
18,CGTTTCGCCGCGGAGGAG,CGTTTCGCCGCTGAGGAG,1.0,4270,1
19,CGTTTCGCCGCGGAGGAG,CGTTTCGCAGAGGAGGAG,2.0,4270,1
20,CGTTTCGCCGCGGAGGAG,CGTTTCGACGCGGAGGAG,1.0,4270,1
21,CGTTTCGCCGCGGAGGAG,CGTTTCGTCGCGGAGGAG,1.0,4270,1
22,CGTTTCGCCGCGGAGGAG,CGTTTCGCCGAGGAGGAG,1.0,4270,1
23,CGTTTCGCCGCGGAGGAG,CGTTTTGCCGCGGAGGAG,1.0,4270,1
24,CGTTTCGCCGCGGAGGAG,CGATTCGCCGCGGAGGAG,1.0,4270,1
25,CGTTTCGCCGCGGAGGAG,CGTTTCGCCGCTTAGGAG,2.0,4270,1
26,CGTTTCGCCGCGGAGGAG,AGTTTCGCCGCGGAGGAG,1.0,4270,1
0,CGTGTAGATGCTCTTCTG,CGTGTAGATTCTCTTCTG,1.0,3699,4
1,CGTGTAGATGCTCTTCTG,CGTGTATATGCTCTTCTG,1.0,3699,3
2,CGTGTAGATGCTCTTCTG,CGTGTAGATGCACTTCTG,1.0,3699,2
3,CGTGTAGATGCTCTTCTG,CGTGTAGATGCTATTCTG,1.0,3699,2
4,CGTGTAGATGCTCTTCTG,CGTGTAGATGCTCGTCTG,1.0,3699,1
5,CGTGTAGATGCTCTTCTG,CGGGTAGATGCTCGTCTC,3.0,3699,1
6,CGTGTAGATGCTCTTCTG,CGTGTATATGCTCTTCAC,3.0,3699,1
7,CGTGTAGATGCTCTTCTG,CGTGTAGATGCTCTTCCG,1.0,3699,1
8,CGTGTAGATGCTCTTCTG,CGTGGAGATGCTCTTCTT,2.0,3699,1
9,CGTGTAGATGCTCTTCTG,CGTGTAGGTGCTCTTCTG,1.0,3699,1
10,CGTGTAGATGCTCTTCTG,CGTGTAGATGCTCTTCTT,1.0,3699,1
11,CGTGTAGATGCTCTTCTG,CGTGTAGATGCTCTTATG,1.0,3699,1
12,CGTGTAGATGCTCTTCTG,CGTGTAGATGCTCTTTTG,1.0,3699,1
13,CGTGTAGATGCTCTTCTG,CGTGTAGATGATCTTCTG,1.0,3699,1
14,CGTGTAGATGCTCTTCTG,CGTGTAGATGCTGTTCTC,2.0,3699,1
15,CGTGTAGATGCTCTTCTG,AGTGTAGATGCTCTTCTG,1.0,3699,1
16,CGTGTAGATGCTCTTCTG,CGTGTAGATGGTCTTCTG,1.0,3699,1
17,CGTGTAGATGCTCTTCTG,CGCGTAGATGCTCTTCTG,1.0,3699,1
18,CGTGTAGATGCTCTTCTG,CGTGTATATGCTCTTCTT,2.0,3699,1
19,CGTGTAGATGCTCTTCTG,CGTGTAGATGCTCTTGTG,1.0,3699,1
20,CGTGTAGATGCTCTTCTG,CGTGTAGATACTCTTCTG,1.0,3699,1
21,CGTGTAGATGCTCTTCTG,CGTGTAGATGCTCCTCTG,1.0,3699,1
22,CGTGTAGATGCTCTTCTG,CGTGTACAGGGTCTTCAG,4.0,3699,1
23,CGTGTAGATGCTCTTCTG,CGTGTAGTTGCTCTTCTG,1.0,3699,1
24,CGTGTAGATGCTCTTCTG,CGTGTAGATGCTCTTCAG,1.0,3699,1
25,CGTGTAGATGCTCTTCTG,CGTGTAGGTGCTCGTCGG,3.0,3699,1
0,CCGCAGCACAACCACCCC,CCGCAGCACAACCACCAC,1.0,3634,5
1,CCGCAGCACAACCACCCC,CCGCAGCACAACAACCCC,1.0,3634,3
2,CCGCAGCACAACCACCCC,CCGCAGCACAACCACCCA,1.0,3634,2
3,CCGCAGCACAACCACCCC,CTGCAGCACAACCACCCC,1.0,3634,1
4,CCGCAGCACAACCACCCC,TCGCAGCACAACCACCCC,1.0,3634,1
5,CCGCAGCACAACCACCCC,CCGGAGCACAACCACCCC,1.0,3634,1
6,CCGCAGCACAACCACCCC,CCGCATCAAAACCAACAC,4.0,3634,1
7,CCGCAGCACAACCACCCC,CCGCAGCACAACCCCCCC,1.0,3634,1
8,CCGCAGCACAACCACCCC,CAGCAGCACAACCACCCC,1.0,3634,1
9,CCGCAGCACAACCACCCC,CCGAAGCACAACCACCCC,1.0,3634,1
10,CCGCAGCACAACCACCCC,CCGCGGCACAACCACCCC,1.0,3634,1
11,CCGCAGCACAACCACCCC,CCGCAGCACAACCAACCC,1.0,3634,1
12,CCGCAGCACAACCACCCC,CCGCAGCAAAACCACCCC,1.0,3634,1
13,CCGCAGCACAACCACCCC,CCGCAGCACAAACAACCC,2.0,3634,1
14,CCGCAGCACAACCACCCC,CCGCAGCGCAACCACCCC,1.0,3634,1
15,CCGCAGCACAACCACCCC,CCGCATCACAACCACCCA,2.0,3634,1
16,CCGCAGCACAACCACCCC,CCGCAGCACAACCACCTC,1.0,3634,1
17,CCGCAGCACAACCACCCC,CCGCAGCACAAACAACCA,3.0,3634,1
18,CCGCAGCACAACCACCCC,CCGCAGCACAACCACACC,1.0,3634,1
0,ACGAGACACAACCACTCT,ACGATACACAACCACTCT,1.0,3506,3
1,ACGAGACACAACCACTCT,ACGAGACACAACCACTCA,1.0,3506,2
2,ACGAGACACAACCACTCT,ACGAGACACAACCAATCT,1.0,3506,2
3,ACGAGACACAACCACTCT,ACTAGACACAACCACTCT,1.0,3506,2
4,ACGAGACACAACCACTCT,ACGAGACACAACCACGCT,1.0,3506,1
5,ACGAGACACAACCACTCT,AAGAGACACAACCAATCT,2.0,3506,1
6,ACGAGACACAACCACTCT,ACGAGACACAACCATTCT,1.0,3506,1
7,ACGAGACACAACCACTCT,ACGAGACACAACCACACT,1.0,3506,1
8,ACGAGACACAACCACTCT,ACGAGACACAACCACTAT,1.0,3506,1
9,ACGAGACACAACCACTCT,ACGAGACACAACAAGTGA,4.0,3506,1
10,ACGAGACACAACCACTCT,ACCAGACACAACCACTCT,1.0,3506,1
11,ACGAGACACAACCACTCT,ACGAAACACAACCACTCT,1.0,3506,1
12,ACGAGACACAACCACTCT,ACGAGGCACAACCACTCT,1.0,3506,1
13,ACGAGACACAACCACTCT,ACAAGACACAACCACTCT,1.0,3506,1
14,ACGAGACACAACCACTCT,GCGAGACACAACCACTCT,1.0,3506,1
15,ACGAGACACAACCACTCT,ACGAGACACAACCACACA,2.0,3506,1
16,ACGAGACACAACCACTCT,ACGAGACGCAACCACTCT,1.0,3506,1
17,ACGAGACACAACCACTCT,ACGAGACACAACAACTCT,1.0,3506,1
0,GACTGGCAAGGGTGATGT,GAATGGCAAGGGTGATGT,1.0,2725,2
1,GACTGGCAAGGGTGATGT,GACTGGCAAGGGTGAGGT,1.0,2725,1
2,GACTGGCAAGGGTGATGT,GACATGCAAGGGGGAGGT,4.0,2725,1
3,GACTGGCAAGGGTGATGT,GACAGGCAAGGTTTATGT,3.0,2725,1
4,GACTGGCAAGGGTGATGT,GACTGGCAAGGGTGACGT,1.0,2725,1
5,GACTGGCAAGGGTGATGT,GACTGGCAAGGGAGATGT,1.0,2725,1
6,GACTGGCAAGGGTGATGT,GACTGGCAATGGTGATGT,1.0,2725,1
7,GACTGGCAAGGGTGATGT,GACTGTCAAGTGTGATGT,2.0,2725,1
8,GACTGGCAAGGGTGATGT,TAATGGCAAGGGTGATTT,3.0,2725,1
9,GACTGGCAAGGGTGATGT,GACATGCAAGGGTGATCT,3.0,2725,1
10,GACTGGCAAGGGTGATGT,GACAGGCAAGGGTGATGT,1.0,2725,1
11,GACTGGCAAGGGTGATGT,GGCTGGCAAGGGTGATGT,1.0,2725,1
12,GACTGGCAAGGGTGATGT,GACTGGCAAGGGTGATGA,1.0,2725,1
13,GACTGGCAAGGGTGATGT,GAGTGGCAAGGGTGATGT,1.0,2725,1
14,GACTGGCAAGGGTGATGT,GACTGGCACGGGTGATGT,1.0,2725,1
15,GACTGGCAAGGGTGATGT,GACTGGCAGGGGTGATGT,1.0,2725,1
0,CGTGTCTTCGTGCCGGAG,CGTGTCTTCGGGCCGGAG,1.0,2602,4
1,CGTGTCTTCGTGCCGGAG,CGTGTCGTCGTGCCGGAG,1.0,2602,4
2,CGTGTCTTCGTGCCGGAG,CGTGACTTCGTGCCGGAG,1.0,2602,2
3,CGTGTCTTCGTGCCGGAG,CGTGTCTTCGAGCCTGCG,3.0,2602,2
4,CGTGTCTTCGTGCCGGAG,CGTGTCTTCGTGCAGGAG,1.0,2602,2
5,CGTGTCTTCGTGCCGGAG,CGTGTCTTCGAGCCGGAG,1.0,2602,1
6,CGTGTCTTCGTGCCGGAG,CGTGTCTTCGCGCCGGAG,1.0,2602,1
7,CGTGTCTTCGTGCCGGAG,CGTGTCTTCGTTCCGGAT,2.0,2602,1
8,CGTGTCTTCGTGCCGGAG,CGGGTCTTCGTGCCGGAG,1.0,2602,1
9,CGTGTCTTCGTGCCGGAG,CGTGTCTTCGTTCCGGAG,1.0,2602,1
10,CGTGTCTTCGTGCCGGAG,CGTTTATGCGTGCCGGAG,3.0,2602,1
11,CGTGTCTTCGTGCCGGAG,CATGTCTTCGTGCCGGAG,1.0,2602,1
12,CGTGTCTTCGTGCCGGAG,CGTGTCTTCGTGCCTGAG,1.0,2602,1
13,CGTGTCTTCGTGCCGGAG,CGTTTCTTCGTGCCGGAG,1.0,2602,1
0,CATCACTGCATGGCACGA,GATCACTGCATGGCACGA,1.0,1408,2
1,CATCACTGCATGGCACGA,CATCACAGCATGTCACTA,3.0,1408,1
2,CATCACTGCATGGCACGA,CATAACTGCATTGCACGA,2.0,1408,1
3,CATCACTGCATGGCACGA,CATAAAAGCATGGCACGA,3.0,1408,1
4,CATCACTGCATGGCACGA,CATCACTGCATGGAACGA,1.0,1408,1
5,CATCACTGCATGGCACGA,CATCGCTGCATGGCACGA,1.0,1408,1
6,CATCACTGCATGGCACGA,CATCACTGCATGGCACTA,1.0,1408,1
0,CGACCTTGTCCCTGATAA,CGACCTAGTCCCTGATAA,1.0,1129,2
1,CGACCTTGTCCCTGATAA,CGACCATGTCCCGGATAA,2.0,1129,1
2,CGACCTTGTCCCTGATAA,CGACATTGTGCCTGATAA,2.0,1129,1
3,CGACCTTGTCCCTGATAA,CGACCTTGTCCCGGAGCA,3.0,1129,1
4,CGACCTTGTCCCTGATAA,CGACCTTGTACCTGATAA,1.0,1129,1
5,CGACCTTGTCCCTGATAA,CGACCTTGCCCCTGATAA,1.0,1129,1
6,CGACCTTGTCCCTGATAA,CGACCGTGTCCCTGATAA,1.0,1129,1
7,CGACCTTGTCCCTGATAA,CGACGTTGTCCCTGATAA,1.0,1129,1
8,CGACCTTGTCCCTGATAA,CGACCTTGTCCCTGAGAA,1.0,1129,1
9,CGACCTTGTCCCTGATAA,CGACCTTGTCCATGATAA,1.0,1129,1
0,TCTGGGGATACCAACTGC,TCTGGGGATACCAACCGC,1.0,1005,1
1,TCTGGGGATACCAACTGC,TATGGGGATACCAACTGC,1.0,1005,1
2,TCTGGGGATACCAACTGC,TCTGGGGATAAAAACTGC,2.0,1005,1
3,TCTGGGGATACCAACTGC,ACTGGGGATACCAACTGC,1.0,1005,1
4,TCTGGGGATACCAACTGC,TCTGGGGATACCAACTGA,1.0,1005,1
5,TCTGGGGATACCAACTGC,TCCGGGGATACCAACTGC,1.0,1005,1
0,CTGACACGTTGATACGGA,CTGACACGTTGATCCGGA,1.0,813,1
1,CTGACACGTTGATACGGA,CTGACACGTTGGTACGGA,1.0,813,1
2,CTGACACGTTGATACGGA,CTGAAACGTTGATACGGC,2.0,813,1
3,CTGACACGTTGATACGGA,CTGACCCGTTGTTACGGA,2.0,813,1
4,CTGACACGTTGATACGGA,CTGACACGTTGATAAGGA,1.0,813,1
5,CTGACACGTTGATACGGA,CTGACACGTTGATACTGA,1.0,813,1
6,CTGACACGTTGATACGGA,CTGACACGCTGATACGGA,1.0,813,1
0,CGACATGCACGGTTCCCG,CGACATGCACGGTACCCG,1.0,799,1
1,CGACATGCACGGTTCCCG,CGACATGCACGGTTCCAG,1.0,799,1
2,CGACATGCACGGTTCCCG,CGACATGCACGGATCCCG,1.0,799,1
0,TGCCACGCGTGTCGGATC,TGCCACGCGAGTCGGATC,1.0,630,1
1,TGCCACGCGTGTCGGATC,AGCCACGCGTGTCGGATC,1.0,630,1
0,GGTCGGCTACTACCCTAG,GGTCGGCTACTACCCGAG,1.0,597,1
1,GGTCGGCTACTACCCTAG,GGCCGGCTACTACCCTAG,1.0,597,1
2,GGTCGGCTACTACCCTAG,GGCCGGCAACTACCCTAG,2.0,597,1
3,GGTCGGCTACTACCCTAG,GGTCGGCTACTACCCCAG,1.0,597,1
0,CGCAGGGCGTCTTCACGG,CGCAGGGCGTCTCCACGG,1.0,585,1
1,CGCAGGGCGTCTTCACGG,CTCAGGGCGTCTTCACGG,1.0,585,1
2,CGCAGGGCGTCTTCACGG,CGCAGGGCTTGTGCACGG,3.0,585,1
3,CGCAGGGCGTCTTCACGG,CGCAGGGCGTCTTCTCGG,1.0,585,1
4,CGCAGGGCGTCTTCACGG,CACAGGGCGTCTTCACGG,1.0,585,1
0,GTTCGAAGACTCCAGGGA,GGTCGAAGACTCCAGGGA,1.0,381,1
0,CACGCAGCCTCCCGCGAG,CACGCGGCCTCCCGCGAG,1.0,375,2
1,CACGCAGCCTCCCGCGAG,AACGCAGCCTCCCGCGAG,1.0,375,1
2,CACGCAGCCTCCCGCGAG,CACGCAGCCACCCCCGAG,2.0,375,1
0,ACGACCTGCTTCACATCG,ACCACAAGCTTCACATCG,3.0,338,1
1,ACGACCTGCTTCACATCG,ACGACCTGCTACACATCG,1.0,338,1
2,ACGACCTGCTTCACATCG,ACGACCTGCTTCAAATCG,1.0,338,1
0,ATCCTGATGACTGGAGAA,ATCCTGATTACTGGAGAA,1.0,326,2
1,ATCCTGATGACTGGAGAA,ATCCTGATGACTGTAGAA,1.0,326,1
0,TATTCATTTCTGGGGAAG,TATTCATTTCTGGGGACG,1.0,304,3
1,TATTCATTTCTGGGGAAG,TATTCAATTCTGGCGAAG,2.0,304,1
2,TATTCATTTCTGGGGAAG,TATTAATTTCTGGGGACG,2.0,304,1
3,TATTCATTTCTGGGGAAG,TATTCATTTCTGGGGAAT,1.0,304,1
0,TAAAGCGGCATGCTTGCC,TAAAGCCGCAAGCTTGCC,2.0,300,1
1,TAAAGCGGCATGCTTGCC,GAAAGCGGCATGCTAGCC,2.0,300,1
2,TAAAGCGGCATGCTTGCC,TAAAGCGGCATTCTTTCC,2.0,300,1
0,CGCTGTAACAGATAGGCG,CGCTGTAACAGATAGTCG,1.0,259,1
1,CGCTGTAACAGATAGGCG,CACTGTAACAGATAGGCG,1.0,259,1
2,CGCTGTAACAGATAGGCG,CGCTGTAAAAGATAGGCG,1.0,259,1
3,CGCTGTAACAGATAGGCG,CGCTGTAACAGATAGGCT,1.0,259,1
0,CACTGAAGCTGTTCGGCG,CACTGAAGCTGTACGGCG,1.0,227,1
1,CACTGAAGCTGTTCGGCG,CACTGAACCTGTTCGGCG,1.0,227,1
0,CGGCGCACTTTCCGCTGT,CGGCGCACTTTCCGCCGT,1.0,220,1
1,CGGCGCACTTTCCGCTGT,CGGCGCACTTTACGCTGT,1.0,220,1
1,GAATGCGCGCCTTTCAAG,GAATGCGCGCCATTCAAG,1.0,175,1
2,GAATGCGCGCCTTTCAAG,GAATGCGCGACTATCAAG,2.0,175,1
0,GTCTGAGTATTCCTCCGT,GTCTGAGTATTCCCCCGT,1.0,162,1
1,CTACCATGGCTCCAATGA,CTACCATGGATCCAAAGA,2.0,137,1
0,CCTGGCGATCCGGCGTGA,CATGGCGATCCGGCGTGA,1.0,128,1
0,GTTTCCTCGCGCGTATAA,GTTTCCGCGCGCGTATAA,1.0,128,1
1,GTTTCCTCGCGCGTATAA,GTTTCCTCGCGCGAATAA,1.0,128,1
0,CTATTCGCGTTTGTCGGA,CTATTAGCGTTTGTCGGA,1.0,104,1
0,CCTCGGGAAACTTGTGTG,CCTCGGGAAACATGTGTG,1.0,103,1
1,CCTCGGGAAACTTGTGTG,ACTCGGGAAACTTGTGTG,1.0,103,1
0,CCGACTCCTCTCTAAGCC,CCGACTCATCTCTAAGCC,1.0,101,1
